STATION,STATION_NAME,ELEVATION,LATITUDE,LONGITUDE,DATE,MDPR,DAPR,PRCP,SNWD,SNOW,TAVG,TMAX,TMIN,TOBS
GHCND:US1RIKN0002,EAST GREENWICH 2.3 ESE RI US,8.8,41.6625,-71.4159,20140601,-9999,-9999,0,-9999,0,-9999,-9999,-9999,-9999
GHCND:US1RIKN0002,EAST GREENWICH 2.3 ESE RI US,8.8,41.6625,-71.4159,20140602,-9999,-9999,0,-9999,0,-9999,-9999,-9999,-9999
GHCND:US1RIKN0002,EAST GREENWICH 2.3 ESE RI US,8.8,41.6625,-71.4159,20140603,-9999,-9999,0,-9999,0,-9999,-9999,-9999,-9999
GHCND:US1RIKN0002,EAST GREENWICH 2.3 ESE RI US,8.8,41.6625,-71.4159,20140604,-9999,-9999,0.01,-9999,-9999,-9999,-9999,-9999,-9999
GHCND:US1RIKN0002,EAST GREENWICH 2.3 ESE RI US,8.8,41.6625,-71.4159,20140605,-9999,-9999,0.06,-9999,-9999,-9999,-9999,-9999,-9999
GHCND:US1RIKN0002,EAST GREENWICH 2.3 ESE RI US,8.8,41.6625,-71.4159,20140606,-9999,-9999,0.73,-9999,-9999,-9999,-9999,-9999,-9999
GHCND:US1RIKN0002,EAST GREENWICH 2.3 ESE RI US,8.8,41.6625,-71.4159,20140607,-9999,-9999,0,-9999,0,-9999,-9999,-9999,-9999
GHCND:US1RIKN0002,EAST GREENWICH 2.3 ESE RI US,8.8,41.6625,-71.4159,20140608,-9999,-9999,0,-9999,0,-9999,-9999,-9999,-9999
GHCND:US1RIKN0002,EAST GREENWICH 2.3 ESE RI US,8.8,41.6625,-71.4159,20140609,-9999,-9999,0,-9999,0,-9999,-9999,-9999,-9999
GHCND:US1RIKN0002,EAST GREENWICH 2.3 ESE RI US,8.8,41.6625,-71.4159,20140610,-9999,-9999,0.09,-9999,-9999,-9999,-9999,-9999,-9999
GHCND:US1RIKN0002,EAST GREENWICH 2.3 ESE RI US,8.8,41.6625,-71.4159,20140611,-9999,-9999,0,-9999,0,-9999,-9999,-9999,-9999
GHCND:US1RIKN0002,EAST GREENWICH 2.3 ESE RI US,8.8,41.6625,-71.4159,20140612,-9999,-9999,0,-9999,0,-9999,-9999,-9999,-9999
GHCND:US1RIKN0002,EAST GREENWICH 2.3 ESE RI US,8.8,41.6625,-71.4159,20140613,-9999,-9999,0.41,-9999,-9999,-9999,-9999,-9999,-9999
GHCND:US1RIKN0002,EAST GREENWICH 2.3 ESE RI US,8.8,41.6625,-71.4159,20140614,-9999,-9999,0.53,-9999,-9999,-9999,-9999,-9999,-9999
GHCND:US1RIKN0002,EAST GREENWICH 2.3 ESE RI US,8.8,41.6625,-71.4159,20140615,-9999,-9999,0,-9999,0,-9999,-9999,-9999,-9999
GHCND:US1RIKN0002,EAST GREENWICH 2.3 ESE RI US,8.8,41.6625,-71.4159,20140616,-9999,-9999,0,-9999,0,-9999,-9999,-9999,-9999
GHCND:US1RIKN0002,EAST GREENWICH 2.3 ESE RI US,8.8,41.6625,-71.4159,20140617,-9999,-9999,0,-9999,0,-9999,-9999,-9999,-9999
GHCND:US1RIKN0002,EAST GREENWICH 2.3 ESE RI US,8.8,41.6625,-71.4159,20140618,-9999,-9999,0,-9999,0,-9999,-9999,-9999,-9999
GHCND:US1RIKN0002,EAST GREENWICH 2.3 ESE RI US,8.8,41.6625,-71.4159,20140619,-9999,-9999,0.01,-9999,-9999,-9999,-9999,-9999,-9999
GHCND:US1RIKN0002,EAST GREENWICH 2.3 ESE RI US,8.8,41.6625,-71.4159,20140620,-9999,-9999,0.11,-9999,-9999,-9999,-9999,-9999,-9999
GHCND:US1RIKN0002,EAST GREENWICH 2.3 ESE RI US,8.8,41.6625,-71.4159,20140621,-9999,-9999,0,-9999,0,-9999,-9999,-9999,-9999
GHCND:US1RIKN0002,EAST GREENWICH 2.3 ESE RI US,8.8,41.6625,-71.4159,20140622,-9999,-9999,0,-9999,0,-9999,-9999,-9999,-9999
GHCND:US1RIKN0002,EAST GREENWICH 2.3 ESE RI US,8.8,41.6625,-71.4159,20140623,-9999,-9999,0,-9999,0,-9999,-9999,-9999,-9999
GHCND:US1RIKN0002,EAST GREENWICH 2.3 ESE RI US,8.8,41.6625,-71.4159,20140624,-9999,-9999,0,-9999,0,-9999,-9999,-9999,-9999
GHCND:US1RIKN0002,EAST GREENWICH 2.3 ESE RI US,8.8,41.6625,-71.4159,20140625,-9999,-9999,0,-9999,0,-9999,-9999,-9999,-9999
GHCND:US1RIKN0002,EAST GREENWICH 2.3 ESE RI US,8.8,41.6625,-71.4159,20140626,-9999,-9999,0.25,-9999,-9999,-9999,-9999,-9999,-9999
GHCND:US1RIKN0002,EAST GREENWICH 2.3 ESE RI US,8.8,41.6625,-71.4159,20140627,-9999,-9999,0,-9999,0,-9999,-9999,-9999,-9999
GHCND:US1RIKN0002,EAST GREENWICH 2.3 ESE RI US,8.8,41.6625,-71.4159,20140628,-9999,-9999,0,-9999,0,-9999,-9999,-9999,-9999
GHCND:US1RIKN0002,EAST GREENWICH 2.3 ESE RI US,8.8,41.6625,-71.4159,20140629,-9999,-9999,0,-9999,0,-9999,-9999,-9999,-9999
GHCND:US1RIKN0002,EAST GREENWICH 2.3 ESE RI US,8.8,41.6625,-71.4159,20140630,-9999,-9999,0,-9999,0,-9999,-9999,-9999,-9999
GHCND:US1RIPR0014,WOONSOCKET 1.3 ESE RI US,107.9,41.9913,-71.4784,20140601,-9999,-9999,0,-9999,0,-9999,-9999,-9999,-9999
GHCND:US1RIPR0014,WOONSOCKET 1.3 ESE RI US,107.9,41.9913,-71.4784,20140602,-9999,-9999,0,-9999,0,-9999,-9999,-9999,-9999
GHCND:US1RIPR0014,WOONSOCKET 1.3 ESE RI US,107.9,41.9913,-71.4784,20140603,-9999,-9999,0,-9999,0,-9999,-9999,-9999,-9999
GHCND:US1RIPR0014,WOONSOCKET 1.3 ESE RI US,107.9,41.9913,-71.4784,20140604,-9999,-9999,0.07,-9999,-9999,-9999,-9999,-9999,-9999
GHCND:US1RIPR0014,WOONSOCKET 1.3 ESE RI US,107.9,41.9913,-71.4784,20140605,-9999,-9999,0.01,-9999,-9999,-9999,-9999,-9999,-9999
GHCND:US1RIPR0014,WOONSOCKET 1.3 ESE RI US,107.9,41.9913,-71.4784,20140606,-9999,-9999,0.88,-9999,-9999,-9999,-9999,-9999,-9999
GHCND:US1RIPR0014,WOONSOCKET 1.3 ESE RI US,107.9,41.9913,-71.4784,20140607,-9999,-9999,0,-9999,0,-9999,-9999,-9999,-9999
GHCND:US1RIPR0014,WOONSOCKET 1.3 ESE RI US,107.9,41.9913,-71.4784,20140608,-9999,-9999,0,-9999,0,-9999,-9999,-9999,-9999
GHCND:US1RIPR0014,WOONSOCKET 1.3 ESE RI US,107.9,41.9913,-71.4784,20140609,-9999,-9999,0,-9999,0,-9999,-9999,-9999,-9999
GHCND:US1RIPR0014,WOONSOCKET 1.3 ESE RI US,107.9,41.9913,-71.4784,20140610,-9999,-9999,0.02,-9999,-9999,-9999,-9999,-9999,-9999
GHCND:US1RIPR0014,WOONSOCKET 1.3 ESE RI US,107.9,41.9913,-71.4784,20140611,-9999,-9999,0.12,-9999,-9999,-9999,-9999,-9999,-9999
GHCND:US1RIPR0014,WOONSOCKET 1.3 ESE RI US,107.9,41.9913,-71.4784,20140612,-9999,-9999,0,-9999,0,-9999,-9999,-9999,-9999
GHCND:US1RIPR0014,WOONSOCKET 1.3 ESE RI US,107.9,41.9913,-71.4784,20140613,-9999,-9999,0.02,-9999,-9999,-9999,-9999,-9999,-9999
GHCND:US1RIPR0014,WOONSOCKET 1.3 ESE RI US,107.9,41.9913,-71.4784,20140614,-9999,-9999,1.65,-9999,-9999,-9999,-9999,-9999,-9999
GHCND:US1RIPR0014,WOONSOCKET 1.3 ESE RI US,107.9,41.9913,-71.4784,20140615,-9999,-9999,0,-9999,0,-9999,-9999,-9999,-9999
GHCND:US1RIPR0014,WOONSOCKET 1.3 ESE RI US,107.9,41.9913,-71.4784,20140616,-9999,-9999,0,-9999,0,-9999,-9999,-9999,-9999
GHCND:US1RIPR0014,WOONSOCKET 1.3 ESE RI US,107.9,41.9913,-71.4784,20140617,-9999,-9999,0,-9999,0,-9999,-9999,-9999,-9999
GHCND:US1RIPR0014,WOONSOCKET 1.3 ESE RI US,107.9,41.9913,-71.4784,20140618,-9999,-9999,0,-9999,0,-9999,-9999,-9999,-9999
GHCND:US1RIPR0014,WOONSOCKET 1.3 ESE RI US,107.9,41.9913,-71.4784,20140619,-9999,-9999,0,-9999,-9999,-9999,-9999,-9999,-9999
GHCND:US1RIPR0014,WOONSOCKET 1.3 ESE RI US,107.9,41.9913,-71.4784,20140620,-9999,-9999,0,-9999,-9999,-9999,-9999,-9999,-9999
GHCND:US1RIPR0014,WOONSOCKET 1.3 ESE RI US,107.9,41.9913,-71.4784,20140621,-9999,-9999,0,-9999,0,-9999,-9999,-9999,-9999
GHCND:US1RIPR0014,WOONSOCKET 1.3 ESE RI US,107.9,41.9913,-71.4784,20140622,-9999,-9999,0,-9999,0,-9999,-9999,-9999,-9999
GHCND:US1RIPR0014,WOONSOCKET 1.3 ESE RI US,107.9,41.9913,-71.4784,20140623,-9999,-9999,0,-9999,0,-9999,-9999,-9999,-9999
GHCND:US1RIPR0014,WOONSOCKET 1.3 ESE RI US,107.9,41.9913,-71.4784,20140624,-9999,-9999,0,-9999,0,-9999,-9999,-9999,-9999
GHCND:US1RIPR0014,WOONSOCKET 1.3 ESE RI US,107.9,41.9913,-71.4784,20140625,-9999,-9999,0,-9999,0,-9999,-9999,-9999,-9999
GHCND:US1RIPR0014,WOONSOCKET 1.3 ESE RI US,107.9,41.9913,-71.4784,20140626,-9999,-9999,0.13,-9999,-9999,-9999,-9999,-9999,-9999
GHCND:US1RIPR0014,WOONSOCKET 1.3 ESE RI US,107.9,41.9913,-71.4784,20140627,-9999,-9999,0,-9999,0,-9999,-9999,-9999,-9999
GHCND:US1RIPR0014,WOONSOCKET 1.3 ESE RI US,107.9,41.9913,-71.4784,20140628,-9999,-9999,0,-9999,0,-9999,-9999,-9999,-9999
GHCND:US1RIPR0014,WOONSOCKET 1.3 ESE RI US,107.9,41.9913,-71.4784,20140629,-9999,-9999,0,-9999,0,-9999,-9999,-9999,-9999
GHCND:US1RIPR0014,WOONSOCKET 1.3 ESE RI US,107.9,41.9913,-71.4784,20140630,-9999,-9999,0,-9999,0,-9999,-9999,-9999,-9999
GHCND:US1RIKN0001,COVENTRY CENTER RI US,118,41.673,-71.617,20140601,-9999,-9999,0,-9999,0,-9999,-9999,-9999,-9999
GHCND:US1RIKN0001,COVENTRY CENTER RI US,118,41.673,-71.617,20140602,-9999,-9999,0,-9999,0,-9999,-9999,-9999,-9999
GHCND:US1RIKN0001,COVENTRY CENTER RI US,118,41.673,-71.617,20140603,-9999,-9999,0,-9999,0,-9999,-9999,-9999,-9999
GHCND:US1RIKN0001,COVENTRY CENTER RI US,118,41.673,-71.617,20140604,-9999,-9999,0.02,-9999,0,-9999,-9999,-9999,-9999
GHCND:US1RIKN0001,COVENTRY CENTER RI US,118,41.673,-71.617,20140605,-9999,-9999,0.04,-9999,0,-9999,-9999,-9999,-9999
GHCND:US1RIKN0001,COVENTRY CENTER RI US,118,41.673,-71.617,20140606,-9999,-9999,0.62,-9999,-9999,-9999,-9999,-9999,-9999
GHCND:US1RIKN0001,COVENTRY CENTER RI US,118,41.673,-71.617,20140607,-9999,-9999,0,-9999,0,-9999,-9999,-9999,-9999
GHCND:US1RIKN0001,COVENTRY CENTER RI US,118,41.673,-71.617,20140608,-9999,-9999,0,-9999,0,-9999,-9999,-9999,-9999
GHCND:US1RIKN0001,COVENTRY CENTER RI US,118,41.673,-71.617,20140609,-9999,-9999,0,-9999,0,-9999,-9999,-9999,-9999
GHCND:US1RIKN0001,COVENTRY CENTER RI US,118,41.673,-71.617,20140610,-9999,-9999,0.46,-9999,-9999,-9999,-9999,-9999,-9999
GHCND:US1RIKN0001,COVENTRY CENTER RI US,118,41.673,-71.617,20140611,-9999,-9999,0,-9999,-9999,-9999,-9999,-9999,-9999
GHCND:US1RIKN0001,COVENTRY CENTER RI US,118,41.673,-71.617,20140612,-9999,-9999,0,-9999,0,-9999,-9999,-9999,-9999
GHCND:US1RIKN0001,COVENTRY CENTER RI US,118,41.673,-71.617,20140613,-9999,-9999,0.28,-9999,-9999,-9999,-9999,-9999,-9999
GHCND:US1RIKN0001,COVENTRY CENTER RI US,118,41.673,-71.617,20140614,-9999,-9999,1.26,-9999,-9999,-9999,-9999,-9999,-9999
GHCND:US1RIKN0001,COVENTRY CENTER RI US,118,41.673,-71.617,20140615,-9999,-9999,0.01,-9999,-9999,-9999,-9999,-9999,-9999
GHCND:US1RIKN0001,COVENTRY CENTER RI US,118,41.673,-71.617,20140616,-9999,-9999,0,-9999,0,-9999,-9999,-9999,-9999
GHCND:US1RIKN0001,COVENTRY CENTER RI US,118,41.673,-71.617,20140617,-9999,-9999,0,-9999,0,-9999,-9999,-9999,-9999
GHCND:US1RIKN0001,COVENTRY CENTER RI US,118,41.673,-71.617,20140618,-9999,-9999,0,-9999,0,-9999,-9999,-9999,-9999
GHCND:US1RIKN0001,COVENTRY CENTER RI US,118,41.673,-71.617,20140619,-9999,-9999,0.04,-9999,0,-9999,-9999,-9999,-9999
GHCND:US1RIKN0001,COVENTRY CENTER RI US,118,41.673,-71.617,20140620,-9999,-9999,0.11,-9999,0,-9999,-9999,-9999,-9999
GHCND:US1RIKN0001,COVENTRY CENTER RI US,118,41.673,-71.617,20140621,-9999,-9999,0,-9999,0,-9999,-9999,-9999,-9999
GHCND:US1RIKN0001,COVENTRY CENTER RI US,118,41.673,-71.617,20140622,-9999,-9999,0,-9999,0,-9999,-9999,-9999,-9999
GHCND:US1RIKN0001,COVENTRY CENTER RI US,118,41.673,-71.617,20140623,-9999,-9999,0,-9999,0,-9999,-9999,-9999,-9999
GHCND:US1RIKN0001,COVENTRY CENTER RI US,118,41.673,-71.617,20140624,-9999,-9999,0,-9999,0,-9999,-9999,-9999,-9999
GHCND:US1RIKN0001,COVENTRY CENTER RI US,118,41.673,-71.617,20140625,-9999,-9999,0,-9999,0,-9999,-9999,-9999,-9999
GHCND:US1RIKN0001,COVENTRY CENTER RI US,118,41.673,-71.617,20140626,-9999,-9999,0.36,-9999,0,-9999,-9999,-9999,-9999
GHCND:US1RIKN0001,COVENTRY CENTER RI US,118,41.673,-71.617,20140627,-9999,-9999,0,-9999,0,-9999,-9999,-9999,-9999
GHCND:US1RIKN0001,COVENTRY CENTER RI US,118,41.673,-71.617,20140628,-9999,-9999,0,-9999,0,-9999,-9999,-9999,-9999
GHCND:US1RIKN0001,COVENTRY CENTER RI US,118,41.673,-71.617,20140629,-9999,-9999,0,-9999,0,-9999,-9999,-9999,-9999
GHCND:US1RIKN0001,COVENTRY CENTER RI US,118,41.673,-71.617,20140630,-9999,-9999,0,-9999,0,-9999,-9999,-9999,-9999
GHCND:US1RIPR0015,MANVILLE 0.2 NE RI US,45.7,41.9705,-71.4717,20140601,-9999,-9999,0,-9999,0,-9999,-9999,-9999,-9999
GHCND:US1RIPR0015,MANVILLE 0.2 NE RI US,45.7,41.9705,-71.4717,20140602,-9999,-9999,0,-9999,0,-9999,-9999,-9999,-9999
GHCND:US1RIPR0015,MANVILLE 0.2 NE RI US,45.7,41.9705,-71.4717,20140603,-9999,-9999,0,-9999,0,-9999,-9999,-9999,-9999
GHCND:US1RIPR0015,MANVILLE 0.2 NE RI US,45.7,41.9705,-71.4717,20140604,-9999,-9999,0.08,-9999,-9999,-9999,-9999,-9999,-9999
GHCND:US1RIPR0015,MANVILLE 0.2 NE RI US,45.7,41.9705,-71.4717,20140605,-9999,-9999,0.01,-9999,-9999,-9999,-9999,-9999,-9999
GHCND:US1RIPR0015,MANVILLE 0.2 NE RI US,45.7,41.9705,-71.4717,20140606,-9999,-9999,0.84,-9999,-9999,-9999,-9999,-9999,-9999
GHCND:US1RIPR0015,MANVILLE 0.2 NE RI US,45.7,41.9705,-71.4717,20140607,-9999,-9999,0,-9999,0,-9999,-9999,-9999,-9999
GHCND:US1RIPR0015,MANVILLE 0.2 NE RI US,45.7,41.9705,-71.4717,20140608,-9999,-9999,0,-9999,0,-9999,-9999,-9999,-9999
GHCND:US1RIPR0015,MANVILLE 0.2 NE RI US,45.7,41.9705,-71.4717,20140609,-9999,-9999,0,-9999,0,-9999,-9999,-9999,-9999
GHCND:US1RIPR0015,MANVILLE 0.2 NE RI US,45.7,41.9705,-71.4717,20140610,-9999,-9999,0.04,-9999,-9999,-9999,-9999,-9999,-9999
GHCND:US1RIPR0015,MANVILLE 0.2 NE RI US,45.7,41.9705,-71.4717,20140611,-9999,-9999,0.1,-9999,-9999,-9999,-9999,-9999,-9999
GHCND:US1RIPR0015,MANVILLE 0.2 NE RI US,45.7,41.9705,-71.4717,20140612,-9999,-9999,0,-9999,0,-9999,-9999,-9999,-9999
GHCND:US1RIPR0015,MANVILLE 0.2 NE RI US,45.7,41.9705,-71.4717,20140613,-9999,-9999,0.03,-9999,-9999,-9999,-9999,-9999,-9999
GHCND:US1RIPR0015,MANVILLE 0.2 NE RI US,45.7,41.9705,-71.4717,20140614,-9999,-9999,1.58,-9999,-9999,-9999,-9999,-9999,-9999
GHCND:US1RIPR0015,MANVILLE 0.2 NE RI US,45.7,41.9705,-71.4717,20140615,-9999,-9999,0,-9999,0,-9999,-9999,-9999,-9999
GHCND:US1RIPR0015,MANVILLE 0.2 NE RI US,45.7,41.9705,-71.4717,20140616,-9999,-9999,0,-9999,0,-9999,-9999,-9999,-9999
GHCND:US1RIPR0015,MANVILLE 0.2 NE RI US,45.7,41.9705,-71.4717,20140617,-9999,-9999,0,-9999,0,-9999,-9999,-9999,-9999
GHCND:US1RIPR0015,MANVILLE 0.2 NE RI US,45.7,41.9705,-71.4717,20140618,-9999,-9999,0,-9999,0,-9999,-9999,-9999,-9999
GHCND:US1RIPR0015,MANVILLE 0.2 NE RI US,45.7,41.9705,-71.4717,20140619,-9999,-9999,0,-9999,-9999,-9999,-9999,-9999,-9999
GHCND:US1RIPR0015,MANVILLE 0.2 NE RI US,45.7,41.9705,-71.4717,20140620,-9999,-9999,0,-9999,-9999,-9999,-9999,-9999,-9999
GHCND:US1RIPR0015,MANVILLE 0.2 NE RI US,45.7,41.9705,-71.4717,20140621,-9999,-9999,0,-9999,0,-9999,-9999,-9999,-9999
GHCND:US1RIPR0015,MANVILLE 0.2 NE RI US,45.7,41.9705,-71.4717,20140622,-9999,-9999,0,-9999,0,-9999,-9999,-9999,-9999
GHCND:US1RIPR0015,MANVILLE 0.2 NE RI US,45.7,41.9705,-71.4717,20140623,-9999,-9999,0,-9999,0,-9999,-9999,-9999,-9999
GHCND:US1RIPR0015,MANVILLE 0.2 NE RI US,45.7,41.9705,-71.4717,20140624,-9999,-9999,0,-9999,0,-9999,-9999,-9999,-9999
GHCND:US1RIPR0015,MANVILLE 0.2 NE RI US,45.7,41.9705,-71.4717,20140625,-9999,-9999,0,-9999,0,-9999,-9999,-9999,-9999
GHCND:US1RIPR0015,MANVILLE 0.2 NE RI US,45.7,41.9705,-71.4717,20140626,-9999,-9999,0.14,-9999,-9999,-9999,-9999,-9999,-9999
GHCND:US1RIPR0015,MANVILLE 0.2 NE RI US,45.7,41.9705,-71.4717,20140627,-9999,-9999,0,-9999,0,-9999,-9999,-9999,-9999
GHCND:US1RIPR0015,MANVILLE 0.2 NE RI US,45.7,41.9705,-71.4717,20140628,-9999,-9999,0,-9999,0,-9999,-9999,-9999,-9999
GHCND:US1RIPR0015,MANVILLE 0.2 NE RI US,45.7,41.9705,-71.4717,20140629,-9999,-9999,0,-9999,0,-9999,-9999,-9999,-9999
GHCND:US1RIPR0015,MANVILLE 0.2 NE RI US,45.7,41.9705,-71.4717,20140630,-9999,-9999,0,-9999,0,-9999,-9999,-9999,-9999
GHCND:US1RIWS0005,KINGSTON 0.5 NW RI US,50.9,41.476,-71.531,20140605,-9999,-9999,0.04,-9999,-9999,-9999,-9999,-9999,-9999
GHCND:US1RIWS0005,KINGSTON 0.5 NW RI US,50.9,41.476,-71.531,20140609,-9999,-9999,0,-9999,0,-9999,-9999,-9999,-9999
GHCND:US1RIWS0005,KINGSTON 0.5 NW RI US,50.9,41.476,-71.531,20140610,-9999,-9999,0.19,-9999,-9999,-9999,-9999,-9999,-9999
GHCND:US1RIWS0005,KINGSTON 0.5 NW RI US,50.9,41.476,-71.531,20140611,-9999,-9999,0.03,-9999,-9999,-9999,-9999,-9999,-9999
GHCND:US1RIWS0005,KINGSTON 0.5 NW RI US,50.9,41.476,-71.531,20140612,-9999,-9999,0,-9999,-9999,-9999,-9999,-9999,-9999
GHCND:US1RIWS0005,KINGSTON 0.5 NW RI US,50.9,41.476,-71.531,20140615,-9999,-9999,0,-9999,-9999,-9999,-9999,-9999,-9999
GHCND:US1RIWS0005,KINGSTON 0.5 NW RI US,50.9,41.476,-71.531,20140616,-9999,-9999,0,-9999,0,-9999,-9999,-9999,-9999
GHCND:US1RIWS0005,KINGSTON 0.5 NW RI US,50.9,41.476,-71.531,20140617,-9999,-9999,0.14,-9999,-9999,-9999,-9999,-9999,-9999
GHCND:US1RIWS0005,KINGSTON 0.5 NW RI US,50.9,41.476,-71.531,20140619,-9999,-9999,0.14,-9999,-9999,-9999,-9999,-9999,-9999
GHCND:US1RIWS0005,KINGSTON 0.5 NW RI US,50.9,41.476,-71.531,20140621,-9999,-9999,0,-9999,0,-9999,-9999,-9999,-9999
GHCND:US1RIWS0005,KINGSTON 0.5 NW RI US,50.9,41.476,-71.531,20140622,-9999,-9999,0,-9999,0,-9999,-9999,-9999,-9999
GHCND:US1RIWS0005,KINGSTON 0.5 NW RI US,50.9,41.476,-71.531,20140623,-9999,-9999,0,-9999,0,-9999,-9999,-9999,-9999
GHCND:US1RIWS0005,KINGSTON 0.5 NW RI US,50.9,41.476,-71.531,20140624,-9999,-9999,0,-9999,0,-9999,-9999,-9999,-9999
GHCND:US1RIWS0005,KINGSTON 0.5 NW RI US,50.9,41.476,-71.531,20140627,-9999,-9999,0.17,-9999,-9999,-9999,-9999,-9999,-9999
GHCND:US1RIWS0005,KINGSTON 0.5 NW RI US,50.9,41.476,-71.531,20140629,-9999,-9999,0,-9999,0,-9999,-9999,-9999,-9999
GHCND:USC00379423,WOONSOCKET RI US,33.5,41.9844,-71.4907,20140601,-9999,-9999,0,0,0,-9999,66,41,63
GHCND:USC00379423,WOONSOCKET RI US,33.5,41.9844,-71.4907,20140602,-9999,-9999,0,0,0,-9999,77,47,65
GHCND:USC00379423,WOONSOCKET RI US,33.5,41.9844,-71.4907,20140603,-9999,-9999,0,0,0,-9999,82,52,67
GHCND:USC00379423,WOONSOCKET RI US,33.5,41.9844,-71.4907,20140604,-9999,-9999,0.07,0,0,-9999,82,54,58
GHCND:USC00379423,WOONSOCKET RI US,33.5,41.9844,-71.4907,20140605,-9999,-9999,0.02,0,0,-9999,70,58,62
GHCND:USC00379423,WOONSOCKET RI US,33.5,41.9844,-71.4907,20140606,-9999,-9999,0.86,0,0,-9999,64,54,64
GHCND:USC00379423,WOONSOCKET RI US,33.5,41.9844,-71.4907,20140607,-9999,-9999,0,0,0,-9999,76,52,70
GHCND:USC00379423,WOONSOCKET RI US,33.5,41.9844,-71.4907,20140608,-9999,-9999,0,0,0,-9999,84,55,70
GHCND:USC00379423,WOONSOCKET RI US,33.5,41.9844,-71.4907,20140609,-9999,-9999,0,0,0,-9999,85,51,67
GHCND:USC00379423,WOONSOCKET RI US,33.5,41.9844,-71.4907,20140610,-9999,-9999,0.04,0,0,-9999,77,63,66
GHCND:USC00379423,WOONSOCKET RI US,33.5,41.9844,-71.4907,20140611,-9999,-9999,0.06,0,0,-9999,80,59,60
GHCND:USC00379423,WOONSOCKET RI US,33.5,41.9844,-71.4907,20140612,-9999,-9999,0,0,0,-9999,72,57,62
GHCND:USC00379423,WOONSOCKET RI US,33.5,41.9844,-71.4907,20140613,-9999,-9999,0.1,0,0,-9999,69,61,64
GHCND:USC00379423,WOONSOCKET RI US,33.5,41.9844,-71.4907,20140614,-9999,-9999,1.27,0,0,-9999,71,62,64
GHCND:USC00379423,WOONSOCKET RI US,33.5,41.9844,-71.4907,20140615,-9999,-9999,0,0,0,-9999,76,52,64
GHCND:USC00379423,WOONSOCKET RI US,33.5,41.9844,-71.4907,20140616,-9999,-9999,0,0,0,-9999,80,52,66
GHCND:USC00379423,WOONSOCKET RI US,33.5,41.9844,-71.4907,20140617,-9999,-9999,0,0,0,-9999,82,60,72
GHCND:USC00379423,WOONSOCKET RI US,33.5,41.9844,-71.4907,20140618,-9999,-9999,0,0,0,-9999,84,66,79
GHCND:USC00379423,WOONSOCKET RI US,33.5,41.9844,-71.4907,20140619,-9999,-9999,0,0,0,-9999,86,67,68
GHCND:USC00379423,WOONSOCKET RI US,33.5,41.9844,-71.4907,20140620,-9999,-9999,0,0,0,-9999,83,50,68
GHCND:USC00379423,WOONSOCKET RI US,33.5,41.9844,-71.4907,20140621,-9999,-9999,0,0,0,-9999,77,48,64
GHCND:USC00379423,WOONSOCKET RI US,33.5,41.9844,-71.4907,20140622,-9999,-9999,0,0,0,-9999,76,51,67
GHCND:USC00379423,WOONSOCKET RI US,33.5,41.9844,-71.4907,20140623,-9999,-9999,0,0,0,-9999,79,52,64
GHCND:USC00379423,WOONSOCKET RI US,33.5,41.9844,-71.4907,20140624,-9999,-9999,0,0,0,-9999,80,54,69
GHCND:USC00379423,WOONSOCKET RI US,33.5,41.9844,-71.4907,20140625,-9999,-9999,0,0,0,-9999,82,63,73
GHCND:USC00379423,WOONSOCKET RI US,33.5,41.9844,-71.4907,20140626,-9999,-9999,0.1,0,0,-9999,86,63,74
GHCND:USC00379423,WOONSOCKET RI US,33.5,41.9844,-71.4907,20140627,-9999,-9999,0,0,0,-9999,84,56,67
GHCND:USC00379423,WOONSOCKET RI US,33.5,41.9844,-71.4907,20140628,-9999,-9999,0,0,0,-9999,79,53,68
GHCND:USC00379423,WOONSOCKET RI US,33.5,41.9844,-71.4907,20140629,-9999,-9999,0,0,0,-9999,86,54,71
GHCND:USC00379423,WOONSOCKET RI US,33.5,41.9844,-71.4907,20140630,-9999,-9999,0,0,0,-9999,86,60,73
GHCND:US1RIWS0001,HOPE VALLEY 3.7 S RI US,18,41.4614,-71.716,20140601,-9999,-9999,0,-9999,0,-9999,-9999,-9999,-9999
GHCND:US1RIWS0001,HOPE VALLEY 3.7 S RI US,18,41.4614,-71.716,20140602,-9999,-9999,0,-9999,0,-9999,-9999,-9999,-9999
GHCND:US1RIWS0001,HOPE VALLEY 3.7 S RI US,18,41.4614,-71.716,20140603,-9999,-9999,0,-9999,0,-9999,-9999,-9999,-9999
GHCND:US1RIWS0001,HOPE VALLEY 3.7 S RI US,18,41.4614,-71.716,20140604,-9999,-9999,0,-9999,0,-9999,-9999,-9999,-9999
GHCND:US1RIWS0001,HOPE VALLEY 3.7 S RI US,18,41.4614,-71.716,20140605,-9999,-9999,0.03,-9999,-9999,-9999,-9999,-9999,-9999
GHCND:US1RIWS0001,HOPE VALLEY 3.7 S RI US,18,41.4614,-71.716,20140606,-9999,-9999,0.82,-9999,-9999,-9999,-9999,-9999,-9999
GHCND:US1RIWS0001,HOPE VALLEY 3.7 S RI US,18,41.4614,-71.716,20140607,-9999,-9999,0,-9999,0,-9999,-9999,-9999,-9999
GHCND:US1RIWS0001,HOPE VALLEY 3.7 S RI US,18,41.4614,-71.716,20140608,-9999,-9999,0,-9999,0,-9999,-9999,-9999,-9999
GHCND:US1RIWS0001,HOPE VALLEY 3.7 S RI US,18,41.4614,-71.716,20140609,-9999,-9999,0,-9999,0,-9999,-9999,-9999,-9999
GHCND:US1RIWS0001,HOPE VALLEY 3.7 S RI US,18,41.4614,-71.716,20140610,-9999,-9999,0.37,-9999,-9999,-9999,-9999,-9999,-9999
GHCND:US1RIWS0001,HOPE VALLEY 3.7 S RI US,18,41.4614,-71.716,20140611,-9999,-9999,0.02,-9999,-9999,-9999,-9999,-9999,-9999
GHCND:US1RIWS0001,HOPE VALLEY 3.7 S RI US,18,41.4614,-71.716,20140612,-9999,-9999,0,-9999,0,-9999,-9999,-9999,-9999
GHCND:US1RIWS0001,HOPE VALLEY 3.7 S RI US,18,41.4614,-71.716,20140613,-9999,-9999,0.1,-9999,-9999,-9999,-9999,-9999,-9999
GHCND:US1RIWS0001,HOPE VALLEY 3.7 S RI US,18,41.4614,-71.716,20140614,-9999,-9999,0.93,-9999,-9999,-9999,-9999,-9999,-9999
GHCND:US1RIWS0001,HOPE VALLEY 3.7 S RI US,18,41.4614,-71.716,20140615,-9999,-9999,0,-9999,0,-9999,-9999,-9999,-9999
GHCND:US1RIWS0001,HOPE VALLEY 3.7 S RI US,18,41.4614,-71.716,20140616,-9999,-9999,0,-9999,0,-9999,-9999,-9999,-9999
GHCND:US1RIWS0001,HOPE VALLEY 3.7 S RI US,18,41.4614,-71.716,20140617,-9999,-9999,0,-9999,0,-9999,-9999,-9999,-9999
GHCND:US1RIWS0001,HOPE VALLEY 3.7 S RI US,18,41.4614,-71.716,20140618,-9999,-9999,0,-9999,-9999,-9999,-9999,-9999,-9999
GHCND:US1RIWS0001,HOPE VALLEY 3.7 S RI US,18,41.4614,-71.716,20140619,-9999,-9999,0,-9999,-9999,-9999,-9999,-9999,-9999
GHCND:US1RIWS0001,HOPE VALLEY 3.7 S RI US,18,41.4614,-71.716,20140620,-9999,-9999,0.18,-9999,-9999,-9999,-9999,-9999,-9999
GHCND:US1RIWS0001,HOPE VALLEY 3.7 S RI US,18,41.4614,-71.716,20140622,-9999,-9999,0,-9999,0,-9999,-9999,-9999,-9999
GHCND:US1RIWS0001,HOPE VALLEY 3.7 S RI US,18,41.4614,-71.716,20140623,-9999,-9999,0,-9999,0,-9999,-9999,-9999,-9999
GHCND:US1RIWS0001,HOPE VALLEY 3.7 S RI US,18,41.4614,-71.716,20140624,-9999,-9999,0,-9999,0,-9999,-9999,-9999,-9999
GHCND:US1RIWS0001,HOPE VALLEY 3.7 S RI US,18,41.4614,-71.716,20140625,-9999,-9999,0,-9999,0,-9999,-9999,-9999,-9999
GHCND:US1RIWS0001,HOPE VALLEY 3.7 S RI US,18,41.4614,-71.716,20140626,-9999,-9999,0.08,-9999,-9999,-9999,-9999,-9999,-9999
GHCND:US1RIWS0001,HOPE VALLEY 3.7 S RI US,18,41.4614,-71.716,20140627,-9999,-9999,0,-9999,-9999,-9999,-9999,-9999,-9999
GHCND:US1RIWS0001,HOPE VALLEY 3.7 S RI US,18,41.4614,-71.716,20140628,-9999,-9999,0,-9999,0,-9999,-9999,-9999,-9999
GHCND:US1RIWS0001,HOPE VALLEY 3.7 S RI US,18,41.4614,-71.716,20140629,-9999,-9999,0,-9999,0,-9999,-9999,-9999,-9999
GHCND:US1RIWS0001,HOPE VALLEY 3.7 S RI US,18,41.4614,-71.716,20140630,-9999,-9999,0,-9999,0,-9999,-9999,-9999,-9999
GHCND:US1RIWS0020,WAKEFIELD PEACEDALE 3.1 SSW RI US,20.7,41.4056,-71.5273,20140601,-9999,-9999,0,-9999,-9999,-9999,-9999,-9999,-9999
GHCND:US1RIWS0020,WAKEFIELD PEACEDALE 3.1 SSW RI US,20.7,41.4056,-71.5273,20140602,-9999,-9999,0,-9999,-9999,-9999,-9999,-9999,-9999
GHCND:US1RIWS0020,WAKEFIELD PEACEDALE 3.1 SSW RI US,20.7,41.4056,-71.5273,20140603,-9999,-9999,0,-9999,-9999,-9999,-9999,-9999,-9999
GHCND:US1RIWS0020,WAKEFIELD PEACEDALE 3.1 SSW RI US,20.7,41.4056,-71.5273,20140604,-9999,-9999,0,-9999,-9999,-9999,-9999,-9999,-9999
GHCND:US1RIWS0020,WAKEFIELD PEACEDALE 3.1 SSW RI US,20.7,41.4056,-71.5273,20140605,-9999,-9999,0.06,-9999,-9999,-9999,-9999,-9999,-9999
GHCND:US1RIWS0020,WAKEFIELD PEACEDALE 3.1 SSW RI US,20.7,41.4056,-71.5273,20140606,-9999,-9999,0.67,-9999,-9999,-9999,-9999,-9999,-9999
GHCND:US1RIWS0020,WAKEFIELD PEACEDALE 3.1 SSW RI US,20.7,41.4056,-71.5273,20140607,-9999,-9999,0,-9999,-9999,-9999,-9999,-9999,-9999
GHCND:US1RIWS0020,WAKEFIELD PEACEDALE 3.1 SSW RI US,20.7,41.4056,-71.5273,20140608,-9999,-9999,0,-9999,-9999,-9999,-9999,-9999,-9999
GHCND:US1RIWS0020,WAKEFIELD PEACEDALE 3.1 SSW RI US,20.7,41.4056,-71.5273,20140609,-9999,-9999,0,-9999,-9999,-9999,-9999,-9999,-9999
GHCND:US1RIWS0020,WAKEFIELD PEACEDALE 3.1 SSW RI US,20.7,41.4056,-71.5273,20140610,-9999,-9999,0.35,-9999,-9999,-9999,-9999,-9999,-9999
GHCND:US1RIWS0020,WAKEFIELD PEACEDALE 3.1 SSW RI US,20.7,41.4056,-71.5273,20140611,-9999,-9999,0,-9999,-9999,-9999,-9999,-9999,-9999
GHCND:US1RIWS0020,WAKEFIELD PEACEDALE 3.1 SSW RI US,20.7,41.4056,-71.5273,20140612,-9999,-9999,0,-9999,-9999,-9999,-9999,-9999,-9999
GHCND:US1RIWS0020,WAKEFIELD PEACEDALE 3.1 SSW RI US,20.7,41.4056,-71.5273,20140613,-9999,-9999,0.08,-9999,-9999,-9999,-9999,-9999,-9999
GHCND:US1RIWS0020,WAKEFIELD PEACEDALE 3.1 SSW RI US,20.7,41.4056,-71.5273,20140614,-9999,-9999,0.82,-9999,-9999,-9999,-9999,-9999,-9999
GHCND:US1RIWS0020,WAKEFIELD PEACEDALE 3.1 SSW RI US,20.7,41.4056,-71.5273,20140615,-9999,-9999,0,-9999,-9999,-9999,-9999,-9999,-9999
GHCND:US1RIWS0020,WAKEFIELD PEACEDALE 3.1 SSW RI US,20.7,41.4056,-71.5273,20140616,-9999,-9999,0,-9999,-9999,-9999,-9999,-9999,-9999
GHCND:US1RIWS0020,WAKEFIELD PEACEDALE 3.1 SSW RI US,20.7,41.4056,-71.5273,20140617,-9999,-9999,0,-9999,-9999,-9999,-9999,-9999,-9999
GHCND:US1RIWS0020,WAKEFIELD PEACEDALE 3.1 SSW RI US,20.7,41.4056,-71.5273,20140618,-9999,-9999,0.05,-9999,-9999,-9999,-9999,-9999,-9999
GHCND:US1RIWS0020,WAKEFIELD PEACEDALE 3.1 SSW RI US,20.7,41.4056,-71.5273,20140619,-9999,-9999,0.02,-9999,-9999,-9999,-9999,-9999,-9999
GHCND:US1RIWS0020,WAKEFIELD PEACEDALE 3.1 SSW RI US,20.7,41.4056,-71.5273,20140620,-9999,-9999,0.13,-9999,-9999,-9999,-9999,-9999,-9999
GHCND:US1RIWS0020,WAKEFIELD PEACEDALE 3.1 SSW RI US,20.7,41.4056,-71.5273,20140621,-9999,-9999,0,-9999,-9999,-9999,-9999,-9999,-9999
GHCND:US1RIWS0020,WAKEFIELD PEACEDALE 3.1 SSW RI US,20.7,41.4056,-71.5273,20140622,-9999,-9999,0,-9999,-9999,-9999,-9999,-9999,-9999
GHCND:US1RIWS0020,WAKEFIELD PEACEDALE 3.1 SSW RI US,20.7,41.4056,-71.5273,20140623,-9999,-9999,0,-9999,-9999,-9999,-9999,-9999,-9999
GHCND:US1RIWS0020,WAKEFIELD PEACEDALE 3.1 SSW RI US,20.7,41.4056,-71.5273,20140624,-9999,-9999,0,-9999,-9999,-9999,-9999,-9999,-9999
GHCND:US1RIWS0020,WAKEFIELD PEACEDALE 3.1 SSW RI US,20.7,41.4056,-71.5273,20140625,-9999,-9999,0,-9999,-9999,-9999,-9999,-9999,-9999
GHCND:US1RIWS0020,WAKEFIELD PEACEDALE 3.1 SSW RI US,20.7,41.4056,-71.5273,20140626,-9999,-9999,0,-9999,-9999,-9999,-9999,-9999,-9999
GHCND:US1RIWS0020,WAKEFIELD PEACEDALE 3.1 SSW RI US,20.7,41.4056,-71.5273,20140627,-9999,-9999,0.54,-9999,-9999,-9999,-9999,-9999,-9999
GHCND:US1RIWS0020,WAKEFIELD PEACEDALE 3.1 SSW RI US,20.7,41.4056,-71.5273,20140628,-9999,-9999,0,-9999,-9999,-9999,-9999,-9999,-9999
GHCND:US1RIWS0020,WAKEFIELD PEACEDALE 3.1 SSW RI US,20.7,41.4056,-71.5273,20140629,-9999,-9999,0,-9999,-9999,-9999,-9999,-9999,-9999
GHCND:US1RIWS0020,WAKEFIELD PEACEDALE 3.1 SSW RI US,20.7,41.4056,-71.5273,20140630,-9999,-9999,0,-9999,-9999,-9999,-9999,-9999,-9999
GHCND:US1RINW0007,LITTLE COMPTON 0.6 E RI US,23.8,41.509,-71.159,20140601,-9999,-9999,0,-9999,0,-9999,-9999,-9999,-9999
GHCND:US1RINW0007,LITTLE COMPTON 0.6 E RI US,23.8,41.509,-71.159,20140602,-9999,-9999,0,-9999,0,-9999,-9999,-9999,-9999
GHCND:US1RINW0007,LITTLE COMPTON 0.6 E RI US,23.8,41.509,-71.159,20140603,-9999,-9999,0,-9999,0,-9999,-9999,-9999,-9999
GHCND:US1RINW0007,LITTLE COMPTON 0.6 E RI US,23.8,41.509,-71.159,20140604,-9999,-9999,0.12,-9999,-9999,-9999,-9999,-9999,-9999
GHCND:US1RINW0007,LITTLE COMPTON 0.6 E RI US,23.8,41.509,-71.159,20140605,-9999,-9999,0.04,-9999,-9999,-9999,-9999,-9999,-9999
GHCND:US1RINW0007,LITTLE COMPTON 0.6 E RI US,23.8,41.509,-71.159,20140606,-9999,-9999,0.52,-9999,-9999,-9999,-9999,-9999,-9999
GHCND:US1RINW0007,LITTLE COMPTON 0.6 E RI US,23.8,41.509,-71.159,20140607,-9999,-9999,0,-9999,0,-9999,-9999,-9999,-9999
GHCND:US1RINW0007,LITTLE COMPTON 0.6 E RI US,23.8,41.509,-71.159,20140608,-9999,-9999,0,-9999,0,-9999,-9999,-9999,-9999
GHCND:US1RINW0007,LITTLE COMPTON 0.6 E RI US,23.8,41.509,-71.159,20140609,-9999,-9999,0,-9999,0,-9999,-9999,-9999,-9999
GHCND:US1RINW0007,LITTLE COMPTON 0.6 E RI US,23.8,41.509,-71.159,20140610,-9999,-9999,0.02,-9999,-9999,-9999,-9999,-9999,-9999
GHCND:US1RINW0007,LITTLE COMPTON 0.6 E RI US,23.8,41.509,-71.159,20140611,-9999,-9999,0.05,-9999,-9999,-9999,-9999,-9999,-9999
GHCND:US1RINW0007,LITTLE COMPTON 0.6 E RI US,23.8,41.509,-71.159,20140612,-9999,-9999,0,-9999,0,-9999,-9999,-9999,-9999
GHCND:US1RINW0007,LITTLE COMPTON 0.6 E RI US,23.8,41.509,-71.159,20140613,-9999,-9999,0.14,-9999,-9999,-9999,-9999,-9999,-9999
GHCND:US1RINW0007,LITTLE COMPTON 0.6 E RI US,23.8,41.509,-71.159,20140614,-9999,-9999,0.26,-9999,-9999,-9999,-9999,-9999,-9999
GHCND:US1RINW0007,LITTLE COMPTON 0.6 E RI US,23.8,41.509,-71.159,20140615,-9999,-9999,0,-9999,0,-9999,-9999,-9999,-9999
GHCND:US1RINW0007,LITTLE COMPTON 0.6 E RI US,23.8,41.509,-71.159,20140616,-9999,-9999,0,-9999,0,-9999,-9999,-9999,-9999
GHCND:US1RINW0007,LITTLE COMPTON 0.6 E RI US,23.8,41.509,-71.159,20140617,-9999,-9999,0,-9999,-9999,-9999,-9999,-9999,-9999
GHCND:US1RINW0007,LITTLE COMPTON 0.6 E RI US,23.8,41.509,-71.159,20140619,-9999,-9999,0.01,-9999,-9999,-9999,-9999,-9999,-9999
GHCND:US1RINW0007,LITTLE COMPTON 0.6 E RI US,23.8,41.509,-71.159,20140620,-9999,-9999,0.11,-9999,-9999,-9999,-9999,-9999,-9999
GHCND:US1RINW0007,LITTLE COMPTON 0.6 E RI US,23.8,41.509,-71.159,20140621,-9999,-9999,0,-9999,0,-9999,-9999,-9999,-9999
GHCND:US1RINW0007,LITTLE COMPTON 0.6 E RI US,23.8,41.509,-71.159,20140622,-9999,-9999,0,-9999,0,-9999,-9999,-9999,-9999
GHCND:US1RINW0007,LITTLE COMPTON 0.6 E RI US,23.8,41.509,-71.159,20140623,-9999,-9999,0,-9999,0,-9999,-9999,-9999,-9999
GHCND:US1RINW0007,LITTLE COMPTON 0.6 E RI US,23.8,41.509,-71.159,20140624,-9999,-9999,0,-9999,0,-9999,-9999,-9999,-9999
GHCND:US1RINW0007,LITTLE COMPTON 0.6 E RI US,23.8,41.509,-71.159,20140625,-9999,-9999,0,-9999,0,-9999,-9999,-9999,-9999
GHCND:US1RINW0007,LITTLE COMPTON 0.6 E RI US,23.8,41.509,-71.159,20140626,-9999,-9999,0,-9999,-9999,-9999,-9999,-9999,-9999
GHCND:US1RINW0007,LITTLE COMPTON 0.6 E RI US,23.8,41.509,-71.159,20140627,-9999,-9999,1.38,-9999,-9999,-9999,-9999,-9999,-9999
GHCND:US1RINW0007,LITTLE COMPTON 0.6 E RI US,23.8,41.509,-71.159,20140628,-9999,-9999,0,-9999,0,-9999,-9999,-9999,-9999
GHCND:US1RINW0007,LITTLE COMPTON 0.6 E RI US,23.8,41.509,-71.159,20140629,-9999,-9999,0,-9999,0,-9999,-9999,-9999,-9999
GHCND:US1RINW0007,LITTLE COMPTON 0.6 E RI US,23.8,41.509,-71.159,20140630,-9999,-9999,0,-9999,0,-9999,-9999,-9999,-9999
GHCND:US1RINW0005,LITTLE COMPTON 1.7 NW RI US,34.7,41.5253,-71.1935,20140601,-9999,-9999,0,-9999,0,-9999,-9999,-9999,-9999
GHCND:US1RINW0005,LITTLE COMPTON 1.7 NW RI US,34.7,41.5253,-71.1935,20140605,-9999,-9999,0.05,-9999,-9999,-9999,-9999,-9999,-9999
GHCND:US1RINW0005,LITTLE COMPTON 1.7 NW RI US,34.7,41.5253,-71.1935,20140606,-9999,-9999,0.59,-9999,-9999,-9999,-9999,-9999,-9999
GHCND:US1RINW0005,LITTLE COMPTON 1.7 NW RI US,34.7,41.5253,-71.1935,20140607,-9999,-9999,0,-9999,0,-9999,-9999,-9999,-9999
GHCND:US1RINW0005,LITTLE COMPTON 1.7 NW RI US,34.7,41.5253,-71.1935,20140608,-9999,-9999,0,-9999,0,-9999,-9999,-9999,-9999
GHCND:US1RINW0005,LITTLE COMPTON 1.7 NW RI US,34.7,41.5253,-71.1935,20140609,-9999,-9999,0,-9999,0,-9999,-9999,-9999,-9999
GHCND:US1RINW0005,LITTLE COMPTON 1.7 NW RI US,34.7,41.5253,-71.1935,20140610,-9999,-9999,0,-9999,0,-9999,-9999,-9999,-9999
GHCND:US1RINW0005,LITTLE COMPTON 1.7 NW RI US,34.7,41.5253,-71.1935,20140611,-9999,-9999,0,-9999,0,-9999,-9999,-9999,-9999
GHCND:US1RINW0005,LITTLE COMPTON 1.7 NW RI US,34.7,41.5253,-71.1935,20140612,-9999,-9999,0,-9999,0,-9999,-9999,-9999,-9999
GHCND:US1RINW0005,LITTLE COMPTON 1.7 NW RI US,34.7,41.5253,-71.1935,20140613,-9999,-9999,0.15,-9999,-9999,-9999,-9999,-9999,-9999
GHCND:US1RINW0005,LITTLE COMPTON 1.7 NW RI US,34.7,41.5253,-71.1935,20140614,-9999,-9999,0.22,-9999,-9999,-9999,-9999,-9999,-9999
GHCND:USW00054796,KINGSTON 1 NW RI US,35.1,41.4911,-71.5413,20140601,-9999,-9999,0,-9999,-9999,-9999,75,38,-9999
GHCND:USW00054796,KINGSTON 1 NW RI US,35.1,41.4911,-71.5413,20140602,-9999,-9999,0,-9999,-9999,-9999,75,43,-9999
GHCND:USW00054796,KINGSTON 1 NW RI US,35.1,41.4911,-71.5413,20140603,-9999,-9999,0,-9999,-9999,-9999,76,50,-9999
GHCND:USW00054796,KINGSTON 1 NW RI US,35.1,41.4911,-71.5413,20140604,-9999,-9999,0,-9999,-9999,-9999,65,56,-9999
GHCND:USW00054796,KINGSTON 1 NW RI US,35.1,41.4911,-71.5413,20140605,-9999,-9999,0.82,-9999,-9999,-9999,62,53,-9999
GHCND:USW00054796,KINGSTON 1 NW RI US,35.1,41.4911,-71.5413,20140606,-9999,-9999,0,-9999,-9999,-9999,74,53,-9999
GHCND:USW00054796,KINGSTON 1 NW RI US,35.1,41.4911,-71.5413,20140607,-9999,-9999,0,-9999,-9999,-9999,77,51,-9999
GHCND:USW00054796,KINGSTON 1 NW RI US,35.1,41.4911,-71.5413,20140608,-9999,-9999,0,-9999,-9999,-9999,82,54,-9999
GHCND:USW00054796,KINGSTON 1 NW RI US,35.1,41.4911,-71.5413,20140609,-9999,-9999,0.14,-9999,-9999,-9999,73,55,-9999
GHCND:USW00054796,KINGSTON 1 NW RI US,35.1,41.4911,-71.5413,20140610,-9999,-9999,0.02,-9999,-9999,-9999,71,61,-9999
GHCND:USW00054796,KINGSTON 1 NW RI US,35.1,41.4911,-71.5413,20140611,-9999,-9999,0,-9999,-9999,-9999,71,57,-9999
GHCND:USW00054796,KINGSTON 1 NW RI US,35.1,41.4911,-71.5413,20140612,-9999,-9999,0,-9999,-9999,-9999,67,58,-9999
GHCND:USW00054796,KINGSTON 1 NW RI US,35.1,41.4911,-71.5413,20140613,-9999,-9999,1.49,-9999,-9999,-9999,70,62,-9999
GHCND:USW00054796,KINGSTON 1 NW RI US,35.1,41.4911,-71.5413,20140614,-9999,-9999,0,-9999,-9999,-9999,76,56,-9999
GHCND:USW00054796,KINGSTON 1 NW RI US,35.1,41.4911,-71.5413,20140615,-9999,-9999,0,-9999,-9999,-9999,78,54,-9999
GHCND:USW00054796,KINGSTON 1 NW RI US,35.1,41.4911,-71.5413,20140616,-9999,-9999,0,-9999,-9999,-9999,76,50,-9999
GHCND:USW00054796,KINGSTON 1 NW RI US,35.1,41.4911,-71.5413,20140617,-9999,-9999,0.04,-9999,-9999,-9999,72,57,-9999
GHCND:USW00054796,KINGSTON 1 NW RI US,35.1,41.4911,-71.5413,20140618,-9999,-9999,0.09,-9999,-9999,-9999,83,63,-9999
GHCND:USW00054796,KINGSTON 1 NW RI US,35.1,41.4911,-71.5413,20140619,-9999,-9999,0.13,-9999,-9999,-9999,76,54,-9999
GHCND:USW00054796,KINGSTON 1 NW RI US,35.1,41.4911,-71.5413,20140620,-9999,-9999,0,-9999,-9999,-9999,76,50,-9999
GHCND:USW00054796,KINGSTON 1 NW RI US,35.1,41.4911,-71.5413,20140621,-9999,-9999,0,-9999,-9999,-9999,72,47,-9999
GHCND:USW00054796,KINGSTON 1 NW RI US,35.1,41.4911,-71.5413,20140622,-9999,-9999,0,-9999,-9999,-9999,73,49,-9999
GHCND:USW00054796,KINGSTON 1 NW RI US,35.1,41.4911,-71.5413,20140623,-9999,-9999,0,-9999,-9999,-9999,73,50,-9999
GHCND:USW00054796,KINGSTON 1 NW RI US,35.1,41.4911,-71.5413,20140624,-9999,-9999,0,-9999,-9999,-9999,74,52,-9999
GHCND:USW00054796,KINGSTON 1 NW RI US,35.1,41.4911,-71.5413,20140625,-9999,-9999,0,-9999,-9999,-9999,78,63,-9999
GHCND:USW00054796,KINGSTON 1 NW RI US,35.1,41.4911,-71.5413,20140626,-9999,-9999,0.36,-9999,-9999,-9999,83,60,-9999
GHCND:USW00054796,KINGSTON 1 NW RI US,35.1,41.4911,-71.5413,20140627,-9999,-9999,0,-9999,-9999,-9999,76,54,-9999
GHCND:USW00054796,KINGSTON 1 NW RI US,35.1,41.4911,-71.5413,20140628,-9999,-9999,0,-9999,-9999,-9999,76,50,-9999
GHCND:USW00054796,KINGSTON 1 NW RI US,35.1,41.4911,-71.5413,20140629,-9999,-9999,0,-9999,-9999,-9999,78,53,-9999
GHCND:USW00054796,KINGSTON 1 NW RI US,35.1,41.4911,-71.5413,20140630,-9999,-9999,0,-9999,-9999,-9999,80,61,-9999
GHCND:US1RIPR0017,CRANSTON 4.1 E RI US,7,41.7777,-71.4022,20140601,-9999,-9999,0,-9999,0,-9999,-9999,-9999,-9999
GHCND:US1RIPR0017,CRANSTON 4.1 E RI US,7,41.7777,-71.4022,20140602,-9999,-9999,0,-9999,0,-9999,-9999,-9999,-9999
GHCND:US1RIPR0017,CRANSTON 4.1 E RI US,7,41.7777,-71.4022,20140603,-9999,-9999,0,-9999,0,-9999,-9999,-9999,-9999
GHCND:US1RIPR0017,CRANSTON 4.1 E RI US,7,41.7777,-71.4022,20140604,-9999,-9999,0.03,-9999,-9999,-9999,-9999,-9999,-9999
GHCND:US1RIPR0017,CRANSTON 4.1 E RI US,7,41.7777,-71.4022,20140605,-9999,-9999,0.05,-9999,-9999,-9999,-9999,-9999,-9999
GHCND:US1RIPR0017,CRANSTON 4.1 E RI US,7,41.7777,-71.4022,20140606,-9999,-9999,0.55,-9999,-9999,-9999,-9999,-9999,-9999
GHCND:US1RIPR0017,CRANSTON 4.1 E RI US,7,41.7777,-71.4022,20140607,-9999,-9999,0,-9999,0,-9999,-9999,-9999,-9999
GHCND:US1RIPR0017,CRANSTON 4.1 E RI US,7,41.7777,-71.4022,20140608,-9999,-9999,0,-9999,0,-9999,-9999,-9999,-9999
GHCND:US1RIPR0017,CRANSTON 4.1 E RI US,7,41.7777,-71.4022,20140609,-9999,-9999,0,-9999,0,-9999,-9999,-9999,-9999
GHCND:US1RIPR0017,CRANSTON 4.1 E RI US,7,41.7777,-71.4022,20140610,-9999,-9999,0.46,-9999,-9999,-9999,-9999,-9999,-9999
GHCND:US1RIPR0017,CRANSTON 4.1 E RI US,7,41.7777,-71.4022,20140611,-9999,-9999,0.04,-9999,-9999,-9999,-9999,-9999,-9999
GHCND:US1RIPR0017,CRANSTON 4.1 E RI US,7,41.7777,-71.4022,20140612,-9999,-9999,0,-9999,0,-9999,-9999,-9999,-9999
GHCND:US1RIPR0017,CRANSTON 4.1 E RI US,7,41.7777,-71.4022,20140613,-9999,-9999,0.05,-9999,-9999,-9999,-9999,-9999,-9999
GHCND:US1RIPR0017,CRANSTON 4.1 E RI US,7,41.7777,-71.4022,20140614,-9999,-9999,1.14,-9999,-9999,-9999,-9999,-9999,-9999
GHCND:US1RIPR0017,CRANSTON 4.1 E RI US,7,41.7777,-71.4022,20140615,-9999,-9999,0,-9999,0,-9999,-9999,-9999,-9999
GHCND:US1RIPR0017,CRANSTON 4.1 E RI US,7,41.7777,-71.4022,20140616,-9999,-9999,0,-9999,0,-9999,-9999,-9999,-9999
GHCND:US1RIPR0017,CRANSTON 4.1 E RI US,7,41.7777,-71.4022,20140617,-9999,-9999,0,-9999,0,-9999,-9999,-9999,-9999
GHCND:US1RIPR0017,CRANSTON 4.1 E RI US,7,41.7777,-71.4022,20140618,-9999,-9999,0,-9999,0,-9999,-9999,-9999,-9999
GHCND:US1RIPR0017,CRANSTON 4.1 E RI US,7,41.7777,-71.4022,20140619,-9999,-9999,0.03,-9999,-9999,-9999,-9999,-9999,-9999
GHCND:US1RIPR0017,CRANSTON 4.1 E RI US,7,41.7777,-71.4022,20140620,-9999,-9999,0.1,-9999,-9999,-9999,-9999,-9999,-9999
GHCND:US1RIPR0017,CRANSTON 4.1 E RI US,7,41.7777,-71.4022,20140621,-9999,-9999,0,-9999,0,-9999,-9999,-9999,-9999
GHCND:US1RIPR0017,CRANSTON 4.1 E RI US,7,41.7777,-71.4022,20140622,-9999,-9999,0,-9999,0,-9999,-9999,-9999,-9999
GHCND:US1RIPR0017,CRANSTON 4.1 E RI US,7,41.7777,-71.4022,20140623,-9999,-9999,0,-9999,0,-9999,-9999,-9999,-9999
GHCND:US1RIPR0017,CRANSTON 4.1 E RI US,7,41.7777,-71.4022,20140624,-9999,-9999,0,-9999,0,-9999,-9999,-9999,-9999
GHCND:US1RIPR0017,CRANSTON 4.1 E RI US,7,41.7777,-71.4022,20140625,-9999,-9999,0,-9999,0,-9999,-9999,-9999,-9999
GHCND:US1RIPR0017,CRANSTON 4.1 E RI US,7,41.7777,-71.4022,20140626,-9999,-9999,0.15,-9999,-9999,-9999,-9999,-9999,-9999
GHCND:US1RIPR0017,CRANSTON 4.1 E RI US,7,41.7777,-71.4022,20140627,-9999,-9999,0,-9999,-9999,-9999,-9999,-9999,-9999
GHCND:US1RIPR0017,CRANSTON 4.1 E RI US,7,41.7777,-71.4022,20140628,-9999,-9999,0,-9999,0,-9999,-9999,-9999,-9999
GHCND:US1RIPR0017,CRANSTON 4.1 E RI US,7,41.7777,-71.4022,20140629,-9999,-9999,0,-9999,0,-9999,-9999,-9999,-9999
GHCND:US1RIPR0017,CRANSTON 4.1 E RI US,7,41.7777,-71.4022,20140630,-9999,-9999,0,-9999,0,-9999,-9999,-9999,-9999
GHCND:USW00054797,KINGSTON 1 W RI US,32.3,41.4782,-71.5417,20140601,-9999,-9999,0,-9999,-9999,-9999,75,36,-9999
GHCND:USW00054797,KINGSTON 1 W RI US,32.3,41.4782,-71.5417,20140602,-9999,-9999,0,-9999,-9999,-9999,75,42,-9999
GHCND:USW00054797,KINGSTON 1 W RI US,32.3,41.4782,-71.5417,20140603,-9999,-9999,0,-9999,-9999,-9999,76,47,-9999
GHCND:USW00054797,KINGSTON 1 W RI US,32.3,41.4782,-71.5417,20140604,-9999,-9999,0,-9999,-9999,-9999,65,56,-9999
GHCND:USW00054797,KINGSTON 1 W RI US,32.3,41.4782,-71.5417,20140605,-9999,-9999,0.84,-9999,-9999,-9999,62,52,-9999
GHCND:USW00054797,KINGSTON 1 W RI US,32.3,41.4782,-71.5417,20140606,-9999,-9999,0,-9999,-9999,-9999,74,51,-9999
GHCND:USW00054797,KINGSTON 1 W RI US,32.3,41.4782,-71.5417,20140607,-9999,-9999,0,-9999,-9999,-9999,77,48,-9999
GHCND:USW00054797,KINGSTON 1 W RI US,32.3,41.4782,-71.5417,20140608,-9999,-9999,0,-9999,-9999,-9999,82,53,-9999
GHCND:USW00054797,KINGSTON 1 W RI US,32.3,41.4782,-71.5417,20140609,-9999,-9999,0.19,-9999,-9999,-9999,72,53,-9999
GHCND:USW00054797,KINGSTON 1 W RI US,32.3,41.4782,-71.5417,20140610,-9999,-9999,0.01,-9999,-9999,-9999,71,61,-9999
GHCND:USW00054797,KINGSTON 1 W RI US,32.3,41.4782,-71.5417,20140611,-9999,-9999,0,-9999,-9999,-9999,71,58,-9999
GHCND:USW00054797,KINGSTON 1 W RI US,32.3,41.4782,-71.5417,20140612,-9999,-9999,0,-9999,-9999,-9999,68,59,-9999
GHCND:USW00054797,KINGSTON 1 W RI US,32.3,41.4782,-71.5417,20140613,-9999,-9999,1.41,-9999,-9999,-9999,71,62,-9999
GHCND:USW00054797,KINGSTON 1 W RI US,32.3,41.4782,-71.5417,20140614,-9999,-9999,0,-9999,-9999,-9999,77,54,-9999
GHCND:USW00054797,KINGSTON 1 W RI US,32.3,41.4782,-71.5417,20140615,-9999,-9999,0,-9999,-9999,-9999,78,50,-9999
GHCND:USW00054797,KINGSTON 1 W RI US,32.3,41.4782,-71.5417,20140616,-9999,-9999,0,-9999,-9999,-9999,76,47,-9999
GHCND:USW00054797,KINGSTON 1 W RI US,32.3,41.4782,-71.5417,20140617,-9999,-9999,0.09,-9999,-9999,-9999,72,55,-9999
GHCND:USW00054797,KINGSTON 1 W RI US,32.3,41.4782,-71.5417,20140618,-9999,-9999,0.04,-9999,-9999,-9999,84,63,-9999
GHCND:USW00054797,KINGSTON 1 W RI US,32.3,41.4782,-71.5417,20140619,-9999,-9999,0.12,-9999,-9999,-9999,76,52,-9999
GHCND:USW00054797,KINGSTON 1 W RI US,32.3,41.4782,-71.5417,20140620,-9999,-9999,0,-9999,-9999,-9999,76,48,-9999
GHCND:USW00054797,KINGSTON 1 W RI US,32.3,41.4782,-71.5417,20140621,-9999,-9999,0,-9999,-9999,-9999,72,45,-9999
GHCND:USW00054797,KINGSTON 1 W RI US,32.3,41.4782,-71.5417,20140622,-9999,-9999,0,-9999,-9999,-9999,74,46,-9999
GHCND:USW00054797,KINGSTON 1 W RI US,32.3,41.4782,-71.5417,20140623,-9999,-9999,0,-9999,-9999,-9999,72,49,-9999
GHCND:USW00054797,KINGSTON 1 W RI US,32.3,41.4782,-71.5417,20140624,-9999,-9999,0,-9999,-9999,-9999,74,49,-9999
GHCND:USW00054797,KINGSTON 1 W RI US,32.3,41.4782,-71.5417,20140625,-9999,-9999,0,-9999,-9999,-9999,78,63,-9999
GHCND:USW00054797,KINGSTON 1 W RI US,32.3,41.4782,-71.5417,20140626,-9999,-9999,0.12,-9999,-9999,-9999,84,58,-9999
GHCND:USW00054797,KINGSTON 1 W RI US,32.3,41.4782,-71.5417,20140627,-9999,-9999,0,-9999,-9999,-9999,77,52,-9999
GHCND:USW00054797,KINGSTON 1 W RI US,32.3,41.4782,-71.5417,20140628,-9999,-9999,0,-9999,-9999,-9999,78,48,-9999
GHCND:USW00054797,KINGSTON 1 W RI US,32.3,41.4782,-71.5417,20140629,-9999,-9999,0,-9999,-9999,-9999,80,51,-9999
GHCND:USW00054797,KINGSTON 1 W RI US,32.3,41.4782,-71.5417,20140630,-9999,-9999,0,-9999,-9999,-9999,81,61,-9999
GHCND:US1RIKN0008,WEST GREENWICH 0.9 SW RI US,143.3,41.6207,-71.6779,20140601,-9999,-9999,0,-9999,0,-9999,-9999,-9999,-9999
GHCND:US1RIKN0008,WEST GREENWICH 0.9 SW RI US,143.3,41.6207,-71.6779,20140602,-9999,-9999,0,-9999,0,-9999,-9999,-9999,-9999
GHCND:US1RIKN0008,WEST GREENWICH 0.9 SW RI US,143.3,41.6207,-71.6779,20140603,-9999,-9999,0,-9999,0,-9999,-9999,-9999,-9999
GHCND:US1RIKN0008,WEST GREENWICH 0.9 SW RI US,143.3,41.6207,-71.6779,20140604,-9999,-9999,0,-9999,0,-9999,-9999,-9999,-9999
GHCND:US1RIKN0008,WEST GREENWICH 0.9 SW RI US,143.3,41.6207,-71.6779,20140605,-9999,-9999,0.04,-9999,-9999,-9999,-9999,-9999,-9999
GHCND:US1RIKN0008,WEST GREENWICH 0.9 SW RI US,143.3,41.6207,-71.6779,20140606,-9999,-9999,0.66,-9999,-9999,-9999,-9999,-9999,-9999
GHCND:US1RIKN0008,WEST GREENWICH 0.9 SW RI US,143.3,41.6207,-71.6779,20140607,-9999,-9999,0,-9999,-9999,-9999,-9999,-9999,-9999
GHCND:US1RIKN0008,WEST GREENWICH 0.9 SW RI US,143.3,41.6207,-71.6779,20140608,-9999,-9999,0,-9999,-9999,-9999,-9999,-9999,-9999
GHCND:US1RIKN0008,WEST GREENWICH 0.9 SW RI US,143.3,41.6207,-71.6779,20140609,-9999,-9999,0,-9999,0,-9999,-9999,-9999,-9999
GHCND:US1RIKN0008,WEST GREENWICH 0.9 SW RI US,143.3,41.6207,-71.6779,20140610,-9999,-9999,0.35,-9999,-9999,-9999,-9999,-9999,-9999
GHCND:US1RIKN0008,WEST GREENWICH 0.9 SW RI US,143.3,41.6207,-71.6779,20140611,-9999,-9999,0.02,-9999,-9999,-9999,-9999,-9999,-9999
GHCND:US1RIKN0008,WEST GREENWICH 0.9 SW RI US,143.3,41.6207,-71.6779,20140612,-9999,-9999,0,-9999,-9999,-9999,-9999,-9999,-9999
GHCND:US1RIKN0008,WEST GREENWICH 0.9 SW RI US,143.3,41.6207,-71.6779,20140613,-9999,-9999,0.11,-9999,-9999,-9999,-9999,-9999,-9999
GHCND:US1RIKN0008,WEST GREENWICH 0.9 SW RI US,143.3,41.6207,-71.6779,20140614,-9999,-9999,1.3,-9999,-9999,-9999,-9999,-9999,-9999
GHCND:US1RIKN0008,WEST GREENWICH 0.9 SW RI US,143.3,41.6207,-71.6779,20140615,-9999,-9999,0,-9999,-9999,-9999,-9999,-9999,-9999
GHCND:US1RIKN0008,WEST GREENWICH 0.9 SW RI US,143.3,41.6207,-71.6779,20140616,-9999,-9999,0,-9999,-9999,-9999,-9999,-9999,-9999
GHCND:US1RIKN0008,WEST GREENWICH 0.9 SW RI US,143.3,41.6207,-71.6779,20140617,-9999,-9999,0,-9999,-9999,-9999,-9999,-9999,-9999
GHCND:US1RIKN0008,WEST GREENWICH 0.9 SW RI US,143.3,41.6207,-71.6779,20140618,-9999,-9999,0,-9999,0,-9999,-9999,-9999,-9999
GHCND:US1RIKN0008,WEST GREENWICH 0.9 SW RI US,143.3,41.6207,-71.6779,20140619,-9999,-9999,0.01,-9999,-9999,-9999,-9999,-9999,-9999
GHCND:US1RIKN0008,WEST GREENWICH 0.9 SW RI US,143.3,41.6207,-71.6779,20140620,-9999,-9999,0.12,-9999,-9999,-9999,-9999,-9999,-9999
GHCND:US1RIKN0008,WEST GREENWICH 0.9 SW RI US,143.3,41.6207,-71.6779,20140621,-9999,-9999,0,-9999,-9999,-9999,-9999,-9999,-9999
GHCND:US1RIKN0008,WEST GREENWICH 0.9 SW RI US,143.3,41.6207,-71.6779,20140622,-9999,-9999,0,-9999,0,-9999,-9999,-9999,-9999
GHCND:US1RIKN0008,WEST GREENWICH 0.9 SW RI US,143.3,41.6207,-71.6779,20140623,-9999,-9999,0,-9999,-9999,-9999,-9999,-9999,-9999
GHCND:US1RIKN0008,WEST GREENWICH 0.9 SW RI US,143.3,41.6207,-71.6779,20140624,-9999,-9999,0,-9999,-9999,-9999,-9999,-9999,-9999
GHCND:US1RIKN0008,WEST GREENWICH 0.9 SW RI US,143.3,41.6207,-71.6779,20140625,-9999,-9999,0,-9999,-9999,-9999,-9999,-9999,-9999
GHCND:US1RIKN0008,WEST GREENWICH 0.9 SW RI US,143.3,41.6207,-71.6779,20140626,-9999,-9999,0.21,-9999,-9999,-9999,-9999,-9999,-9999
GHCND:US1RIKN0008,WEST GREENWICH 0.9 SW RI US,143.3,41.6207,-71.6779,20140627,-9999,-9999,0.01,-9999,-9999,-9999,-9999,-9999,-9999
GHCND:US1RIKN0008,WEST GREENWICH 0.9 SW RI US,143.3,41.6207,-71.6779,20140628,-9999,-9999,0,-9999,-9999,-9999,-9999,-9999,-9999
GHCND:US1RIKN0008,WEST GREENWICH 0.9 SW RI US,143.3,41.6207,-71.6779,20140629,-9999,-9999,0,-9999,-9999,-9999,-9999,-9999,-9999
GHCND:US1RIKN0008,WEST GREENWICH 0.9 SW RI US,143.3,41.6207,-71.6779,20140630,-9999,-9999,0,-9999,-9999,-9999,-9999,-9999,-9999
GHCND:USC00375270,NORTH FOSTER 1 E RI US,192,41.8564,-71.7333,20140601,-9999,-9999,0,0,0,-9999,75,44,63
GHCND:USC00375270,NORTH FOSTER 1 E RI US,192,41.8564,-71.7333,20140602,-9999,-9999,0,0,0,-9999,79,47,65
GHCND:USC00375270,NORTH FOSTER 1 E RI US,192,41.8564,-71.7333,20140603,-9999,-9999,0,0,0,-9999,82,52,59
GHCND:USC00375270,NORTH FOSTER 1 E RI US,192,41.8564,-71.7333,20140604,-9999,-9999,0.12,0,0,-9999,70,54,61
GHCND:USC00375270,NORTH FOSTER 1 E RI US,192,41.8564,-71.7333,20140605,-9999,-9999,0.82,0,0,-9999,61,55,55
GHCND:USC00375270,NORTH FOSTER 1 E RI US,192,41.8564,-71.7333,20140606,-9999,-9999,0,0,0,-9999,72,53,57
GHCND:USC00375270,NORTH FOSTER 1 E RI US,192,41.8564,-71.7333,20140607,-9999,-9999,0,0,0,-9999,79,55,64
GHCND:USC00375270,NORTH FOSTER 1 E RI US,192,41.8564,-71.7333,20140608,-9999,-9999,0,0,0,-9999,82,59,65
GHCND:USC00375270,NORTH FOSTER 1 E RI US,192,41.8564,-71.7333,20140609,-9999,-9999,0.01,0,0,-9999,71,59,62
GHCND:USC00375270,NORTH FOSTER 1 E RI US,192,41.8564,-71.7333,20140610,-9999,-9999,0.02,0,0,-9999,76,60,60
GHCND:USC00375270,NORTH FOSTER 1 E RI US,192,41.8564,-71.7333,20140611,-9999,-9999,0,0,0,-9999,71,57,58
GHCND:USC00375270,NORTH FOSTER 1 E RI US,192,41.8564,-71.7333,20140612,-9999,-9999,0.03,0,0,-9999,65,55,63
GHCND:USC00375270,NORTH FOSTER 1 E RI US,192,41.8564,-71.7333,20140613,-9999,-9999,0.93,0,0,-9999,70,60,63
GHCND:USC00375270,NORTH FOSTER 1 E RI US,192,41.8564,-71.7333,20140614,-9999,-9999,0.03,0,0,-9999,71,54,54
GHCND:USC00375270,NORTH FOSTER 1 E RI US,192,41.8564,-71.7333,20140615,-9999,-9999,0,0,0,-9999,74,51,64
GHCND:USC00375270,NORTH FOSTER 1 E RI US,192,41.8564,-71.7333,20140616,-9999,-9999,0,0,0,-9999,77,52,60
GHCND:USC00375270,NORTH FOSTER 1 E RI US,192,41.8564,-71.7333,20140617,-9999,-9999,0,0,0,-9999,82,57,69
GHCND:USC00375270,NORTH FOSTER 1 E RI US,192,41.8564,-71.7333,20140618,-9999,-9999,0,0,0,-9999,83,66,72
GHCND:USC00375270,NORTH FOSTER 1 E RI US,192,41.8564,-71.7333,20140619,-9999,-9999,0.07,0,0,-9999,77,59,59
GHCND:USC00375270,NORTH FOSTER 1 E RI US,192,41.8564,-71.7333,20140620,-9999,-9999,0,0,0,-9999,73,53,56
GHCND:USC00375270,NORTH FOSTER 1 E RI US,192,41.8564,-71.7333,20140621,-9999,-9999,0,0,0,-9999,73,48,57
GHCND:USC00375270,NORTH FOSTER 1 E RI US,192,41.8564,-71.7333,20140622,-9999,-9999,0,0,0,-9999,76,52,55
GHCND:USC00375270,NORTH FOSTER 1 E RI US,192,41.8564,-71.7333,20140623,-9999,-9999,0,0,0,-9999,79,51,56
GHCND:USC00375270,NORTH FOSTER 1 E RI US,192,41.8564,-71.7333,20140624,-9999,-9999,0,0,0,-9999,81,53,67
GHCND:USC00375270,NORTH FOSTER 1 E RI US,192,41.8564,-71.7333,20140625,-9999,-9999,0,0,0,-9999,82,62,72
GHCND:USC00375270,NORTH FOSTER 1 E RI US,192,41.8564,-71.7333,20140626,-9999,-9999,0.1,0,0,-9999,82,62,62
GHCND:USC00375270,NORTH FOSTER 1 E RI US,192,41.8564,-71.7333,20140627,-9999,-9999,0,0,0,-9999,76,56,56
GHCND:USC00375270,NORTH FOSTER 1 E RI US,192,41.8564,-71.7333,20140628,-9999,-9999,0,0,0,-9999,82,55,59
GHCND:USC00375270,NORTH FOSTER 1 E RI US,192,41.8564,-71.7333,20140629,-9999,-9999,0,0,0,-9999,83,55,61
GHCND:USC00375270,NORTH FOSTER 1 E RI US,192,41.8564,-71.7333,20140630,-9999,-9999,0,0,0,-9999,83,60,68
GHCND:USW00014794,WESTERLY STATE AIRPORT RI US,24.7,41.34972,-71.79889,20140601,-9999,-9999,0,-9999,-9999,-9999,74,40,-9999
GHCND:USW00014794,WESTERLY STATE AIRPORT RI US,24.7,41.34972,-71.79889,20140602,-9999,-9999,0,-9999,-9999,-9999,73,44,-9999
GHCND:USW00014794,WESTERLY STATE AIRPORT RI US,24.7,41.34972,-71.79889,20140603,-9999,-9999,0,-9999,-9999,-9999,70,51,-9999
GHCND:USW00014794,WESTERLY STATE AIRPORT RI US,24.7,41.34972,-71.79889,20140604,-9999,-9999,0,-9999,-9999,-9999,68,59,-9999
GHCND:USW00014794,WESTERLY STATE AIRPORT RI US,24.7,41.34972,-71.79889,20140605,-9999,-9999,0.97,-9999,-9999,-9999,65,56,-9999
GHCND:USW00014794,WESTERLY STATE AIRPORT RI US,24.7,41.34972,-71.79889,20140606,-9999,-9999,0,-9999,-9999,-9999,77,55,-9999
GHCND:USW00014794,WESTERLY STATE AIRPORT RI US,24.7,41.34972,-71.79889,20140607,-9999,-9999,0,-9999,-9999,-9999,76,54,-9999
GHCND:USW00014794,WESTERLY STATE AIRPORT RI US,24.7,41.34972,-71.79889,20140608,-9999,-9999,0,-9999,-9999,-9999,83,56,-9999
GHCND:USW00014794,WESTERLY STATE AIRPORT RI US,24.7,41.34972,-71.79889,20140609,-9999,-9999,0.5,-9999,-9999,-9999,70,57,-9999
GHCND:USW00014794,WESTERLY STATE AIRPORT RI US,24.7,41.34972,-71.79889,20140610,-9999,-9999,0,-9999,-9999,-9999,70,62,-9999
GHCND:USW00014794,WESTERLY STATE AIRPORT RI US,24.7,41.34972,-71.79889,20140611,-9999,-9999,0,-9999,-9999,-9999,72,59,-9999
GHCND:USW00014794,WESTERLY STATE AIRPORT RI US,24.7,41.34972,-71.79889,20140612,-9999,-9999,0,-9999,-9999,-9999,69,60,-9999
GHCND:USW00014794,WESTERLY STATE AIRPORT RI US,24.7,41.34972,-71.79889,20140613,-9999,-9999,0.73,-9999,-9999,-9999,70,61,-9999
GHCND:USW00014794,WESTERLY STATE AIRPORT RI US,24.7,41.34972,-71.79889,20140614,-9999,-9999,0,-9999,-9999,-9999,77,56,-9999
GHCND:USW00014794,WESTERLY STATE AIRPORT RI US,24.7,41.34972,-71.79889,20140615,-9999,-9999,0,-9999,-9999,-9999,79,54,-9999
GHCND:USW00014794,WESTERLY STATE AIRPORT RI US,24.7,41.34972,-71.79889,20140616,-9999,-9999,0,-9999,-9999,-9999,76,54,-9999
GHCND:USW00014794,WESTERLY STATE AIRPORT RI US,24.7,41.34972,-71.79889,20140617,-9999,-9999,0,-9999,-9999,-9999,74,60,-9999
GHCND:USW00014794,WESTERLY STATE AIRPORT RI US,24.7,41.34972,-71.79889,20140618,-9999,-9999,0,-9999,-9999,-9999,86,63,-9999
GHCND:USW00014794,WESTERLY STATE AIRPORT RI US,24.7,41.34972,-71.79889,20140619,-9999,-9999,0.35,-9999,-9999,-9999,73,59,-9999
GHCND:USW00014794,WESTERLY STATE AIRPORT RI US,24.7,41.34972,-71.79889,20140620,-9999,-9999,0,-9999,-9999,-9999,77,53,-9999
GHCND:USW00014794,WESTERLY STATE AIRPORT RI US,24.7,41.34972,-71.79889,20140621,-9999,-9999,0,-9999,-9999,-9999,72,50,-9999
GHCND:USW00014794,WESTERLY STATE AIRPORT RI US,24.7,41.34972,-71.79889,20140622,-9999,-9999,0,-9999,-9999,-9999,72,51,-9999
GHCND:USW00014794,WESTERLY STATE AIRPORT RI US,24.7,41.34972,-71.79889,20140623,-9999,-9999,0,-9999,-9999,-9999,71,51,-9999
GHCND:USW00014794,WESTERLY STATE AIRPORT RI US,24.7,41.34972,-71.79889,20140624,-9999,-9999,0,-9999,-9999,-9999,73,53,-9999
GHCND:USW00014794,WESTERLY STATE AIRPORT RI US,24.7,41.34972,-71.79889,20140625,-9999,-9999,0,-9999,-9999,-9999,75,65,-9999
GHCND:USW00014794,WESTERLY STATE AIRPORT RI US,24.7,41.34972,-71.79889,20140626,-9999,-9999,0.09,-9999,-9999,-9999,82,61,-9999
GHCND:USW00014794,WESTERLY STATE AIRPORT RI US,24.7,41.34972,-71.79889,20140627,-9999,-9999,0,-9999,-9999,-9999,80,54,-9999
GHCND:USW00014794,WESTERLY STATE AIRPORT RI US,24.7,41.34972,-71.79889,20140628,-9999,-9999,0,-9999,-9999,-9999,75,52,-9999
GHCND:USW00014794,WESTERLY STATE AIRPORT RI US,24.7,41.34972,-71.79889,20140629,-9999,-9999,0,-9999,-9999,-9999,76,55,-9999
GHCND:USW00014794,WESTERLY STATE AIRPORT RI US,24.7,41.34972,-71.79889,20140630,-9999,-9999,0,-9999,-9999,-9999,79,66,-9999
GHCND:US1RINW0004,MIDDLETOWN 1.1 SW RI US,31.1,41.5308,-71.2998,20140601,-9999,-9999,0,-9999,0,-9999,-9999,-9999,-9999
GHCND:US1RINW0004,MIDDLETOWN 1.1 SW RI US,31.1,41.5308,-71.2998,20140602,-9999,-9999,0,-9999,0,-9999,-9999,-9999,-9999
GHCND:US1RINW0004,MIDDLETOWN 1.1 SW RI US,31.1,41.5308,-71.2998,20140603,-9999,-9999,0,-9999,0,-9999,-9999,-9999,-9999
GHCND:US1RINW0004,MIDDLETOWN 1.1 SW RI US,31.1,41.5308,-71.2998,20140604,-9999,-9999,0.07,-9999,-9999,-9999,-9999,-9999,-9999
GHCND:US1RINW0004,MIDDLETOWN 1.1 SW RI US,31.1,41.5308,-71.2998,20140605,-9999,-9999,0,-9999,0,-9999,-9999,-9999,-9999
GHCND:US1RINW0004,MIDDLETOWN 1.1 SW RI US,31.1,41.5308,-71.2998,20140606,-9999,-9999,0.55,-9999,-9999,-9999,-9999,-9999,-9999
GHCND:US1RINW0004,MIDDLETOWN 1.1 SW RI US,31.1,41.5308,-71.2998,20140607,-9999,-9999,0,-9999,0,-9999,-9999,-9999,-9999
GHCND:US1RINW0004,MIDDLETOWN 1.1 SW RI US,31.1,41.5308,-71.2998,20140608,-9999,-9999,0,-9999,0,-9999,-9999,-9999,-9999
GHCND:US1RINW0004,MIDDLETOWN 1.1 SW RI US,31.1,41.5308,-71.2998,20140609,-9999,-9999,0,-9999,0,-9999,-9999,-9999,-9999
GHCND:US1RINW0004,MIDDLETOWN 1.1 SW RI US,31.1,41.5308,-71.2998,20140610,-9999,-9999,0,-9999,0,-9999,-9999,-9999,-9999
GHCND:US1RINW0004,MIDDLETOWN 1.1 SW RI US,31.1,41.5308,-71.2998,20140611,-9999,-9999,0,-9999,0,-9999,-9999,-9999,-9999
GHCND:US1RINW0004,MIDDLETOWN 1.1 SW RI US,31.1,41.5308,-71.2998,20140612,-9999,-9999,0,-9999,0,-9999,-9999,-9999,-9999
GHCND:US1RINW0004,MIDDLETOWN 1.1 SW RI US,31.1,41.5308,-71.2998,20140613,-9999,-9999,0,-9999,0,-9999,-9999,-9999,-9999
GHCND:US1RINW0004,MIDDLETOWN 1.1 SW RI US,31.1,41.5308,-71.2998,20140614,-9999,-9999,0.23,-9999,-9999,-9999,-9999,-9999,-9999
GHCND:US1RINW0004,MIDDLETOWN 1.1 SW RI US,31.1,41.5308,-71.2998,20140615,-9999,-9999,0,-9999,0,-9999,-9999,-9999,-9999
GHCND:US1RINW0004,MIDDLETOWN 1.1 SW RI US,31.1,41.5308,-71.2998,20140616,-9999,-9999,0,-9999,0,-9999,-9999,-9999,-9999
GHCND:US1RINW0004,MIDDLETOWN 1.1 SW RI US,31.1,41.5308,-71.2998,20140617,-9999,-9999,0,-9999,0,-9999,-9999,-9999,-9999
GHCND:US1RINW0004,MIDDLETOWN 1.1 SW RI US,31.1,41.5308,-71.2998,20140618,-9999,-9999,0,-9999,0,-9999,-9999,-9999,-9999
GHCND:US1RINW0004,MIDDLETOWN 1.1 SW RI US,31.1,41.5308,-71.2998,20140619,-9999,-9999,0.09,-9999,-9999,-9999,-9999,-9999,-9999
GHCND:US1RINW0004,MIDDLETOWN 1.1 SW RI US,31.1,41.5308,-71.2998,20140620,-9999,-9999,0,-9999,0,-9999,-9999,-9999,-9999
GHCND:US1RINW0004,MIDDLETOWN 1.1 SW RI US,31.1,41.5308,-71.2998,20140621,-9999,-9999,0,-9999,0,-9999,-9999,-9999,-9999
GHCND:US1RINW0004,MIDDLETOWN 1.1 SW RI US,31.1,41.5308,-71.2998,20140622,-9999,-9999,0,-9999,0,-9999,-9999,-9999,-9999
GHCND:US1RINW0004,MIDDLETOWN 1.1 SW RI US,31.1,41.5308,-71.2998,20140623,-9999,-9999,0,-9999,0,-9999,-9999,-9999,-9999
GHCND:US1RINW0004,MIDDLETOWN 1.1 SW RI US,31.1,41.5308,-71.2998,20140624,-9999,-9999,0,-9999,0,-9999,-9999,-9999,-9999
GHCND:US1RINW0004,MIDDLETOWN 1.1 SW RI US,31.1,41.5308,-71.2998,20140625,-9999,-9999,0,-9999,0,-9999,-9999,-9999,-9999
GHCND:US1RINW0004,MIDDLETOWN 1.1 SW RI US,31.1,41.5308,-71.2998,20140626,-9999,-9999,0,-9999,0,-9999,-9999,-9999,-9999
GHCND:US1RINW0004,MIDDLETOWN 1.1 SW RI US,31.1,41.5308,-71.2998,20140627,-9999,-9999,0.67,-9999,-9999,-9999,-9999,-9999,-9999
GHCND:US1RINW0004,MIDDLETOWN 1.1 SW RI US,31.1,41.5308,-71.2998,20140628,-9999,-9999,0,-9999,0,-9999,-9999,-9999,-9999
GHCND:US1RINW0004,MIDDLETOWN 1.1 SW RI US,31.1,41.5308,-71.2998,20140629,-9999,-9999,0,-9999,0,-9999,-9999,-9999,-9999
GHCND:US1RINW0004,MIDDLETOWN 1.1 SW RI US,31.1,41.5308,-71.2998,20140630,-9999,-9999,0,-9999,0,-9999,-9999,-9999,-9999
GHCND:US1RIWS0019,RICHMOND 4.4 NNE RI US,127.7,41.5508,-71.6346,20140601,-9999,-9999,0,-9999,-9999,-9999,-9999,-9999,-9999
GHCND:US1RIWS0019,RICHMOND 4.4 NNE RI US,127.7,41.5508,-71.6346,20140602,-9999,-9999,0,0,0,-9999,-9999,-9999,-9999
GHCND:US1RIWS0019,RICHMOND 4.4 NNE RI US,127.7,41.5508,-71.6346,20140603,-9999,-9999,0,0,0,-9999,-9999,-9999,-9999
GHCND:US1RIWS0019,RICHMOND 4.4 NNE RI US,127.7,41.5508,-71.6346,20140604,-9999,-9999,0,0,0,-9999,-9999,-9999,-9999
GHCND:US1RIWS0019,RICHMOND 4.4 NNE RI US,127.7,41.5508,-71.6346,20140605,-9999,-9999,0.05,0,0,-9999,-9999,-9999,-9999
GHCND:US1RIWS0019,RICHMOND 4.4 NNE RI US,127.7,41.5508,-71.6346,20140606,-9999,-9999,0.72,0,0,-9999,-9999,-9999,-9999
GHCND:US1RIWS0019,RICHMOND 4.4 NNE RI US,127.7,41.5508,-71.6346,20140607,-9999,-9999,0,0,0,-9999,-9999,-9999,-9999
GHCND:US1RIWS0019,RICHMOND 4.4 NNE RI US,127.7,41.5508,-71.6346,20140608,-9999,-9999,0,0,0,-9999,-9999,-9999,-9999
GHCND:US1RIWS0019,RICHMOND 4.4 NNE RI US,127.7,41.5508,-71.6346,20140609,-9999,-9999,0,0,0,-9999,-9999,-9999,-9999
GHCND:US1RIWS0019,RICHMOND 4.4 NNE RI US,127.7,41.5508,-71.6346,20140610,-9999,-9999,0.19,0,0,-9999,-9999,-9999,-9999
GHCND:US1RIWS0019,RICHMOND 4.4 NNE RI US,127.7,41.5508,-71.6346,20140611,-9999,-9999,0.02,0,0,-9999,-9999,-9999,-9999
GHCND:US1RIWS0019,RICHMOND 4.4 NNE RI US,127.7,41.5508,-71.6346,20140612,-9999,-9999,0.01,0,0,-9999,-9999,-9999,-9999
GHCND:US1RIWS0019,RICHMOND 4.4 NNE RI US,127.7,41.5508,-71.6346,20140613,-9999,-9999,0.2,0,0,-9999,-9999,-9999,-9999
GHCND:US1RIWS0019,RICHMOND 4.4 NNE RI US,127.7,41.5508,-71.6346,20140614,-9999,-9999,1.25,0,0,-9999,-9999,-9999,-9999
GHCND:US1RIWS0019,RICHMOND 4.4 NNE RI US,127.7,41.5508,-71.6346,20140615,-9999,-9999,0,0,0,-9999,-9999,-9999,-9999
GHCND:US1RIWS0019,RICHMOND 4.4 NNE RI US,127.7,41.5508,-71.6346,20140616,-9999,-9999,0,0,0,-9999,-9999,-9999,-9999
GHCND:US1RIWS0019,RICHMOND 4.4 NNE RI US,127.7,41.5508,-71.6346,20140617,-9999,-9999,0,0,0,-9999,-9999,-9999,-9999
GHCND:US1RIWS0019,RICHMOND 4.4 NNE RI US,127.7,41.5508,-71.6346,20140618,-9999,-9999,0.03,0,0,-9999,-9999,-9999,-9999
GHCND:US1RIWS0019,RICHMOND 4.4 NNE RI US,127.7,41.5508,-71.6346,20140619,-9999,-9999,0.03,0,0,-9999,-9999,-9999,-9999
GHCND:US1RIWS0019,RICHMOND 4.4 NNE RI US,127.7,41.5508,-71.6346,20140620,-9999,-9999,0.12,0,0,-9999,-9999,-9999,-9999
GHCND:US1RIWS0019,RICHMOND 4.4 NNE RI US,127.7,41.5508,-71.6346,20140621,-9999,-9999,0,0,0,-9999,-9999,-9999,-9999
GHCND:US1RIWS0019,RICHMOND 4.4 NNE RI US,127.7,41.5508,-71.6346,20140622,-9999,-9999,0,0,0,-9999,-9999,-9999,-9999
GHCND:US1RIWS0019,RICHMOND 4.4 NNE RI US,127.7,41.5508,-71.6346,20140623,-9999,-9999,0,0,0,-9999,-9999,-9999,-9999
GHCND:US1RIWS0019,RICHMOND 4.4 NNE RI US,127.7,41.5508,-71.6346,20140624,-9999,-9999,0,0,0,-9999,-9999,-9999,-9999
GHCND:US1RIWS0019,RICHMOND 4.4 NNE RI US,127.7,41.5508,-71.6346,20140625,-9999,-9999,0,-9999,-9999,-9999,-9999,-9999,-9999
GHCND:US1RIWS0019,RICHMOND 4.4 NNE RI US,127.7,41.5508,-71.6346,20140626,-9999,-9999,0.09,0,0,-9999,-9999,-9999,-9999
GHCND:US1RIWS0019,RICHMOND 4.4 NNE RI US,127.7,41.5508,-71.6346,20140627,-9999,-9999,0.07,0,0,-9999,-9999,-9999,-9999
GHCND:US1RIWS0019,RICHMOND 4.4 NNE RI US,127.7,41.5508,-71.6346,20140628,-9999,-9999,0,-9999,0,-9999,-9999,-9999,-9999
GHCND:US1RIWS0019,RICHMOND 4.4 NNE RI US,127.7,41.5508,-71.6346,20140629,-9999,-9999,0,0,0,-9999,-9999,-9999,-9999
GHCND:US1RIWS0019,RICHMOND 4.4 NNE RI US,127.7,41.5508,-71.6346,20140630,-9999,-9999,0,0,0,-9999,-9999,-9999,-9999
GHCND:US1RIPR0027,PROVIDENCE 3.3 SE RI US,34.1,41.7947,-71.3667,20140604,-9999,-9999,0.03,-9999,-9999,-9999,-9999,-9999,-9999
GHCND:US1RIPR0027,PROVIDENCE 3.3 SE RI US,34.1,41.7947,-71.3667,20140605,-9999,-9999,0.04,-9999,-9999,-9999,-9999,-9999,-9999
GHCND:US1RIPR0027,PROVIDENCE 3.3 SE RI US,34.1,41.7947,-71.3667,20140606,-9999,-9999,0.48,-9999,-9999,-9999,-9999,-9999,-9999
GHCND:US1RIPR0027,PROVIDENCE 3.3 SE RI US,34.1,41.7947,-71.3667,20140610,-9999,-9999,0.41,-9999,-9999,-9999,-9999,-9999,-9999
GHCND:US1RIPR0027,PROVIDENCE 3.3 SE RI US,34.1,41.7947,-71.3667,20140612,-9999,-9999,0.01,-9999,-9999,-9999,-9999,-9999,-9999
GHCND:US1RIPR0027,PROVIDENCE 3.3 SE RI US,34.1,41.7947,-71.3667,20140614,-9999,-9999,1.03,-9999,-9999,-9999,-9999,-9999,-9999
GHCND:US1RIPR0027,PROVIDENCE 3.3 SE RI US,34.1,41.7947,-71.3667,20140619,-9999,-9999,0.02,-9999,-9999,-9999,-9999,-9999,-9999
GHCND:US1RIPR0027,PROVIDENCE 3.3 SE RI US,34.1,41.7947,-71.3667,20140620,-9999,-9999,0.06,-9999,-9999,-9999,-9999,-9999,-9999
GHCND:US1RIPR0027,PROVIDENCE 3.3 SE RI US,34.1,41.7947,-71.3667,20140626,-9999,-9999,0.14,-9999,-9999,-9999,-9999,-9999,-9999
GHCND:US1RIPR0027,PROVIDENCE 3.3 SE RI US,34.1,41.7947,-71.3667,20140627,-9999,-9999,0,-9999,-9999,-9999,-9999,-9999,-9999
GHCND:USW00094793,BLOCK ISLAND STATE AIRPORT RI US,32,41.16806,-71.57778,20140607,-9999,-9999,0,-9999,-9999,-9999,-9999,-9999,-9999
GHCND:USW00094793,BLOCK ISLAND STATE AIRPORT RI US,32,41.16806,-71.57778,20140608,-9999,-9999,0,-9999,-9999,-9999,-9999,-9999,-9999
GHCND:US1RIPR0020,WEST GLOCESTER 3.4 SE RI US,204.2,41.8777,-71.7513,20140601,-9999,-9999,0,-9999,0,-9999,-9999,-9999,-9999
GHCND:US1RIPR0020,WEST GLOCESTER 3.4 SE RI US,204.2,41.8777,-71.7513,20140602,-9999,-9999,0,-9999,0,-9999,-9999,-9999,-9999
GHCND:US1RIPR0020,WEST GLOCESTER 3.4 SE RI US,204.2,41.8777,-71.7513,20140603,-9999,-9999,0,-9999,0,-9999,-9999,-9999,-9999
GHCND:US1RIPR0020,WEST GLOCESTER 3.4 SE RI US,204.2,41.8777,-71.7513,20140604,-9999,-9999,0,-9999,0,-9999,-9999,-9999,-9999
GHCND:US1RIPR0020,WEST GLOCESTER 3.4 SE RI US,204.2,41.8777,-71.7513,20140605,-9999,-9999,0.17,-9999,-9999,-9999,-9999,-9999,-9999
GHCND:US1RIPR0020,WEST GLOCESTER 3.4 SE RI US,204.2,41.8777,-71.7513,20140606,-9999,-9999,0.82,-9999,-9999,-9999,-9999,-9999,-9999
GHCND:US1RIPR0020,WEST GLOCESTER 3.4 SE RI US,204.2,41.8777,-71.7513,20140608,-9999,-9999,0,-9999,-9999,-9999,-9999,-9999,-9999
GHCND:US1RIPR0020,WEST GLOCESTER 3.4 SE RI US,204.2,41.8777,-71.7513,20140610,-9999,-9999,0,-9999,0,-9999,-9999,-9999,-9999
GHCND:US1RIPR0020,WEST GLOCESTER 3.4 SE RI US,204.2,41.8777,-71.7513,20140611,-9999,-9999,0.07,-9999,0,-9999,-9999,-9999,-9999
GHCND:US1RIPR0020,WEST GLOCESTER 3.4 SE RI US,204.2,41.8777,-71.7513,20140612,-9999,-9999,0,-9999,-9999,-9999,-9999,-9999,-9999
GHCND:US1RIPR0020,WEST GLOCESTER 3.4 SE RI US,204.2,41.8777,-71.7513,20140613,-9999,-9999,0.04,-9999,-9999,-9999,-9999,-9999,-9999
GHCND:US1RIPR0020,WEST GLOCESTER 3.4 SE RI US,204.2,41.8777,-71.7513,20140614,-9999,-9999,0.91,-9999,-9999,-9999,-9999,-9999,-9999
GHCND:US1RIPR0020,WEST GLOCESTER 3.4 SE RI US,204.2,41.8777,-71.7513,20140615,-9999,-9999,0,-9999,0,-9999,-9999,-9999,-9999
GHCND:US1RIPR0020,WEST GLOCESTER 3.4 SE RI US,204.2,41.8777,-71.7513,20140616,-9999,-9999,0,-9999,0,-9999,-9999,-9999,-9999
GHCND:US1RIPR0020,WEST GLOCESTER 3.4 SE RI US,204.2,41.8777,-71.7513,20140617,-9999,-9999,0,-9999,0,-9999,-9999,-9999,-9999
GHCND:US1RIPR0020,WEST GLOCESTER 3.4 SE RI US,204.2,41.8777,-71.7513,20140618,-9999,-9999,0,-9999,0,-9999,-9999,-9999,-9999
GHCND:US1RIPR0020,WEST GLOCESTER 3.4 SE RI US,204.2,41.8777,-71.7513,20140619,-9999,-9999,0.01,-9999,-9999,-9999,-9999,-9999,-9999
GHCND:US1RIPR0020,WEST GLOCESTER 3.4 SE RI US,204.2,41.8777,-71.7513,20140620,-9999,-9999,0.17,-9999,-9999,-9999,-9999,-9999,-9999
GHCND:US1RIPR0020,WEST GLOCESTER 3.4 SE RI US,204.2,41.8777,-71.7513,20140621,-9999,-9999,0,-9999,0,-9999,-9999,-9999,-9999
GHCND:US1RIPR0020,WEST GLOCESTER 3.4 SE RI US,204.2,41.8777,-71.7513,20140622,-9999,-9999,0,-9999,0,-9999,-9999,-9999,-9999
GHCND:US1RIPR0020,WEST GLOCESTER 3.4 SE RI US,204.2,41.8777,-71.7513,20140623,-9999,-9999,0,-9999,0,-9999,-9999,-9999,-9999
GHCND:US1RIPR0020,WEST GLOCESTER 3.4 SE RI US,204.2,41.8777,-71.7513,20140624,-9999,-9999,0,-9999,0,-9999,-9999,-9999,-9999
GHCND:US1RIPR0020,WEST GLOCESTER 3.4 SE RI US,204.2,41.8777,-71.7513,20140625,-9999,-9999,0.18,-9999,-9999,-9999,-9999,-9999,-9999
GHCND:US1RIPR0020,WEST GLOCESTER 3.4 SE RI US,204.2,41.8777,-71.7513,20140626,-9999,-9999,0.13,-9999,-9999,-9999,-9999,-9999,-9999
GHCND:US1RIPR0020,WEST GLOCESTER 3.4 SE RI US,204.2,41.8777,-71.7513,20140627,-9999,-9999,0,-9999,0,-9999,-9999,-9999,-9999
GHCND:US1RIPR0020,WEST GLOCESTER 3.4 SE RI US,204.2,41.8777,-71.7513,20140628,-9999,-9999,0,-9999,0,-9999,-9999,-9999,-9999
GHCND:US1RIPR0020,WEST GLOCESTER 3.4 SE RI US,204.2,41.8777,-71.7513,20140629,-9999,-9999,0,-9999,0,-9999,-9999,-9999,-9999
GHCND:US1RIPR0020,WEST GLOCESTER 3.4 SE RI US,204.2,41.8777,-71.7513,20140630,-9999,-9999,0,-9999,0,-9999,-9999,-9999,-9999
GHCND:USC00374266,KINGSTON RI US,35.7,41.4903,-71.543,20140601,-9999,-9999,0,0,0,-9999,76,36,71
GHCND:USC00374266,KINGSTON RI US,35.7,41.4903,-71.543,20140602,-9999,-9999,0,0,0,-9999,77,41,72
GHCND:USC00374266,KINGSTON RI US,35.7,41.4903,-71.543,20140603,-9999,-9999,0,0,0,-9999,79,47,68
GHCND:USC00374266,KINGSTON RI US,35.7,41.4903,-71.543,20140604,-9999,-9999,0,0,0,-9999,70,55,60
GHCND:USC00374266,KINGSTON RI US,35.7,41.4903,-71.543,20140605,-9999,-9999,0.87,0,0,-9999,62,57,60
GHCND:USC00374266,KINGSTON RI US,35.7,41.4903,-71.543,20140606,-9999,-9999,0.01,0,0,-9999,77,51,75
GHCND:USC00374266,KINGSTON RI US,35.7,41.4903,-71.543,20140607,-9999,-9999,0,0,0,-9999,80,49,76
GHCND:USC00374266,KINGSTON RI US,35.7,41.4903,-71.543,20140608,-9999,-9999,0,0,0,-9999,85,52,82
GHCND:USC00374266,KINGSTON RI US,35.7,41.4903,-71.543,20140609,-9999,-9999,0,0,0,-9999,82,53,68
GHCND:USC00374266,KINGSTON RI US,35.7,41.4903,-71.543,20140610,-9999,-9999,0.17,0,0,-9999,70,62,68
GHCND:USC00374266,KINGSTON RI US,35.7,41.4903,-71.543,20140611,-9999,-9999,0,0,0,-9999,73,58,68
GHCND:USC00374266,KINGSTON RI US,35.7,41.4903,-71.543,20140612,-9999,-9999,0,0,0,-9999,70,57,66
GHCND:USC00374266,KINGSTON RI US,35.7,41.4903,-71.543,20140613,-9999,-9999,1.46,0,0,-9999,72,62,68
GHCND:USC00374266,KINGSTON RI US,35.7,41.4903,-71.543,20140614,-9999,-9999,0.03,0,0,-9999,79,61,75
GHCND:USC00374266,KINGSTON RI US,35.7,41.4903,-71.543,20140615,-9999,-9999,0,0,0,-9999,79,52,78
GHCND:USC00374266,KINGSTON RI US,35.7,41.4903,-71.543,20140616,-9999,-9999,0,0,0,-9999,80,48,73
GHCND:USC00374266,KINGSTON RI US,35.7,41.4903,-71.543,20140617,-9999,-9999,0.06,0,0,-9999,75,55,71
GHCND:USC00374266,KINGSTON RI US,35.7,41.4903,-71.543,20140618,-9999,-9999,0.1,0,0,-9999,85,62,84
GHCND:USC00374266,KINGSTON RI US,35.7,41.4903,-71.543,20140619,-9999,-9999,0.14,0,0,-9999,86,66,73
GHCND:USC00374266,KINGSTON RI US,35.7,41.4903,-71.543,20140620,-9999,-9999,0,0,0,-9999,78,48,75
GHCND:USC00374266,KINGSTON RI US,35.7,41.4903,-71.543,20140621,-9999,-9999,0,0,0,-9999,78,47,68
GHCND:USC00374266,KINGSTON RI US,35.7,41.4903,-71.543,20140622,-9999,-9999,0,0,0,-9999,75,59,72
GHCND:USC00374266,KINGSTON RI US,35.7,41.4903,-71.543,20140623,-9999,-9999,0,0,0,-9999,75,49,72
GHCND:USC00374266,KINGSTON RI US,35.7,41.4903,-71.543,20140624,-9999,-9999,0,0,0,-9999,76,49,73
GHCND:USC00374266,KINGSTON RI US,35.7,41.4903,-71.543,20140625,-9999,-9999,0,0,0,-9999,80,62,75
GHCND:USC00374266,KINGSTON RI US,35.7,41.4903,-71.543,20140626,-9999,-9999,0.37,0,0,-9999,86,68,68
GHCND:USC00374266,KINGSTON RI US,35.7,41.4903,-71.543,20140627,-9999,-9999,0,0,0,-9999,77,55,76
GHCND:USC00374266,KINGSTON RI US,35.7,41.4903,-71.543,20140628,-9999,-9999,0,0,0,-9999,78,48,75
GHCND:USC00374266,KINGSTON RI US,35.7,41.4903,-71.543,20140629,-9999,-9999,0,0,0,-9999,81,51,74
GHCND:USC00374266,KINGSTON RI US,35.7,41.4903,-71.543,20140630,-9999,-9999,0,0,0,-9999,82,60,75
GHCND:US1RIWS0014,KINGSTON 5.5 W RI US,36.3,41.4854,-71.6291,20140604,-9999,-9999,0,-9999,-9999,-9999,-9999,-9999,-9999
GHCND:US1RIWS0014,KINGSTON 5.5 W RI US,36.3,41.4854,-71.6291,20140606,-9999,-9999,0.6,-9999,-9999,-9999,-9999,-9999,-9999
GHCND:US1RIWS0014,KINGSTON 5.5 W RI US,36.3,41.4854,-71.6291,20140613,-9999,-9999,0.16,-9999,-9999,-9999,-9999,-9999,-9999
GHCND:US1RIWS0014,KINGSTON 5.5 W RI US,36.3,41.4854,-71.6291,20140614,-9999,-9999,1.21,-9999,-9999,-9999,-9999,-9999,-9999
GHCND:US1RIWS0014,KINGSTON 5.5 W RI US,36.3,41.4854,-71.6291,20140619,-9999,-9999,0.07,-9999,-9999,-9999,-9999,-9999,-9999
GHCND:US1RIWS0014,KINGSTON 5.5 W RI US,36.3,41.4854,-71.6291,20140620,-9999,-9999,0.1,-9999,-9999,-9999,-9999,-9999,-9999
GHCND:US1RIWS0014,KINGSTON 5.5 W RI US,36.3,41.4854,-71.6291,20140626,-9999,-9999,0,-9999,0,-9999,-9999,-9999,-9999
GHCND:USC00371874,COVENTRY RI US,79.2,41.7003,-71.5926,20140601,-9999,-9999,0,0,0,-9999,-9999,-9999,-9999
GHCND:USC00371874,COVENTRY RI US,79.2,41.7003,-71.5926,20140602,-9999,-9999,0,0,0,-9999,-9999,-9999,-9999
GHCND:USC00371874,COVENTRY RI US,79.2,41.7003,-71.5926,20140603,-9999,-9999,0,0,0,-9999,-9999,-9999,-9999
GHCND:USC00371874,COVENTRY RI US,79.2,41.7003,-71.5926,20140604,-9999,-9999,0.02,0,0,-9999,-9999,-9999,-9999
GHCND:USC00371874,COVENTRY RI US,79.2,41.7003,-71.5926,20140605,-9999,-9999,0.03,0,0,-9999,-9999,-9999,-9999
GHCND:USC00371874,COVENTRY RI US,79.2,41.7003,-71.5926,20140606,-9999,-9999,0.6,0,0,-9999,-9999,-9999,-9999
GHCND:USC00371874,COVENTRY RI US,79.2,41.7003,-71.5926,20140607,-9999,-9999,-9999,0,0,-9999,-9999,-9999,-9999
GHCND:USC00371874,COVENTRY RI US,79.2,41.7003,-71.5926,20140608,-9999,-9999,-9999,0,0,-9999,-9999,-9999,-9999
GHCND:USC00371874,COVENTRY RI US,79.2,41.7003,-71.5926,20140609,0,3,-9999,0,0,-9999,-9999,-9999,-9999
GHCND:USC00371874,COVENTRY RI US,79.2,41.7003,-71.5926,20140610,-9999,-9999,0.5,0,0,-9999,-9999,-9999,-9999
GHCND:USC00371874,COVENTRY RI US,79.2,41.7003,-71.5926,20140611,-9999,-9999,0,0,0,-9999,-9999,-9999,-9999
GHCND:USC00371874,COVENTRY RI US,79.2,41.7003,-71.5926,20140612,-9999,-9999,0,0,0,-9999,-9999,-9999,-9999
GHCND:USC00371874,COVENTRY RI US,79.2,41.7003,-71.5926,20140613,-9999,-9999,0.15,0,0,-9999,-9999,-9999,-9999
GHCND:USC00371874,COVENTRY RI US,79.2,41.7003,-71.5926,20140614,-9999,-9999,-9999,0,0,-9999,-9999,-9999,-9999
GHCND:USC00371874,COVENTRY RI US,79.2,41.7003,-71.5926,20140615,-9999,-9999,-9999,0,0,-9999,-9999,-9999,-9999
GHCND:USC00371874,COVENTRY RI US,79.2,41.7003,-71.5926,20140616,1.3,3,-9999,0,0,-9999,-9999,-9999,-9999
GHCND:USC00371874,COVENTRY RI US,79.2,41.7003,-71.5926,20140617,-9999,-9999,0,0,0,-9999,-9999,-9999,-9999
GHCND:USC00371874,COVENTRY RI US,79.2,41.7003,-71.5926,20140618,-9999,-9999,0,0,0,-9999,-9999,-9999,-9999
GHCND:USC00371874,COVENTRY RI US,79.2,41.7003,-71.5926,20140619,-9999,-9999,0,0,0,-9999,-9999,-9999,-9999
GHCND:USC00371874,COVENTRY RI US,79.2,41.7003,-71.5926,20140620,-9999,-9999,0.2,0,0,-9999,-9999,-9999,-9999
GHCND:USC00371874,COVENTRY RI US,79.2,41.7003,-71.5926,20140621,-9999,-9999,-9999,0,0,-9999,-9999,-9999,-9999
GHCND:USC00371874,COVENTRY RI US,79.2,41.7003,-71.5926,20140622,-9999,-9999,-9999,0,0,-9999,-9999,-9999,-9999
GHCND:USC00371874,COVENTRY RI US,79.2,41.7003,-71.5926,20140623,0,3,-9999,0,0,-9999,-9999,-9999,-9999
GHCND:USC00371874,COVENTRY RI US,79.2,41.7003,-71.5926,20140624,-9999,-9999,0,0,0,-9999,-9999,-9999,-9999
GHCND:USC00371874,COVENTRY RI US,79.2,41.7003,-71.5926,20140625,-9999,-9999,0,0,0,-9999,-9999,-9999,-9999
GHCND:USC00371874,COVENTRY RI US,79.2,41.7003,-71.5926,20140626,-9999,-9999,0.4,0,0,-9999,-9999,-9999,-9999
GHCND:USC00371874,COVENTRY RI US,79.2,41.7003,-71.5926,20140627,-9999,-9999,0,0,0,-9999,-9999,-9999,-9999
GHCND:USC00371874,COVENTRY RI US,79.2,41.7003,-71.5926,20140628,-9999,-9999,-9999,0,0,-9999,-9999,-9999,-9999
GHCND:USC00371874,COVENTRY RI US,79.2,41.7003,-71.5926,20140629,-9999,-9999,-9999,0,0,-9999,-9999,-9999,-9999
GHCND:USC00371874,COVENTRY RI US,79.2,41.7003,-71.5926,20140630,0,3,-9999,0,0,-9999,-9999,-9999,-9999
GHCND:USW00014765,PROVIDENCE RI US,18.3,41.7219,-71.4325,20140601,-9999,-9999,0,0,0,61,77,44,-9999
GHCND:USW00014765,PROVIDENCE RI US,18.3,41.7219,-71.4325,20140602,-9999,-9999,0,0,0,65,81,48,-9999
GHCND:USW00014765,PROVIDENCE RI US,18.3,41.7219,-71.4325,20140603,-9999,-9999,0,0,0,64,76,53,-9999
GHCND:USW00014765,PROVIDENCE RI US,18.3,41.7219,-71.4325,20140604,-9999,-9999,0,0,0,61,68,57,-9999
GHCND:USW00014765,PROVIDENCE RI US,18.3,41.7219,-71.4325,20140605,-9999,-9999,0.54,0,0,62,64,55,-9999
GHCND:USW00014765,PROVIDENCE RI US,18.3,41.7219,-71.4325,20140606,-9999,-9999,0,0,0,65,76,54,-9999
GHCND:USW00014765,PROVIDENCE RI US,18.3,41.7219,-71.4325,20140607,-9999,-9999,0,0,0,70,82,56,-9999
GHCND:USW00014765,PROVIDENCE RI US,18.3,41.7219,-71.4325,20140608,-9999,-9999,0,0,0,74,85,61,-9999
GHCND:USW00014765,PROVIDENCE RI US,18.3,41.7219,-71.4325,20140609,-9999,-9999,0.2,0,0,70,76,61,-9999
GHCND:USW00014765,PROVIDENCE RI US,18.3,41.7219,-71.4325,20140610,-9999,-9999,0.09,0,0,67,75,60,-9999
GHCND:USW00014765,PROVIDENCE RI US,18.3,41.7219,-71.4325,20140611,-9999,-9999,0,0,0,65,74,58,-9999
GHCND:USW00014765,PROVIDENCE RI US,18.3,41.7219,-71.4325,20140612,-9999,-9999,0,0,0,63,70,58,-9999
GHCND:USW00014765,PROVIDENCE RI US,18.3,41.7219,-71.4325,20140613,-9999,-9999,1.22,0,0,65,70,62,-9999
GHCND:USW00014765,PROVIDENCE RI US,18.3,41.7219,-71.4325,20140614,-9999,-9999,0,0,0,69,78,58,-9999
GHCND:USW00014765,PROVIDENCE RI US,18.3,41.7219,-71.4325,20140615,-9999,-9999,0,0,0,67,80,57,-9999
GHCND:USW00014765,PROVIDENCE RI US,18.3,41.7219,-71.4325,20140616,-9999,-9999,0,0,0,70,78,58,-9999
GHCND:USW00014765,PROVIDENCE RI US,18.3,41.7219,-71.4325,20140617,-9999,-9999,0,0,0,69,80,60,-9999
GHCND:USW00014765,PROVIDENCE RI US,18.3,41.7219,-71.4325,20140618,-9999,-9999,0,0,0,75,86,65,-9999
GHCND:USW00014765,PROVIDENCE RI US,18.3,41.7219,-71.4325,20140619,-9999,-9999,0.14,0,0,74,83,63,-9999
GHCND:USW00014765,PROVIDENCE RI US,18.3,41.7219,-71.4325,20140620,-9999,-9999,0,0,0,69,78,55,-9999
GHCND:USW00014765,PROVIDENCE RI US,18.3,41.7219,-71.4325,20140621,-9999,-9999,0,0,0,65,75,53,-9999
GHCND:USW00014765,PROVIDENCE RI US,18.3,41.7219,-71.4325,20140622,-9999,-9999,0,0,0,67,79,54,-9999
GHCND:USW00014765,PROVIDENCE RI US,18.3,41.7219,-71.4325,20140623,-9999,-9999,0,0,0,66,76,54,-9999
GHCND:USW00014765,PROVIDENCE RI US,18.3,41.7219,-71.4325,20140624,-9999,-9999,0,0,0,68,80,57,-9999
GHCND:USW00014765,PROVIDENCE RI US,18.3,41.7219,-71.4325,20140625,-9999,-9999,0,0,0,73,84,64,-9999
GHCND:USW00014765,PROVIDENCE RI US,18.3,41.7219,-71.4325,20140626,-9999,-9999,0.17,0,0,75,86,61,-9999
GHCND:USW00014765,PROVIDENCE RI US,18.3,41.7219,-71.4325,20140627,-9999,-9999,0,0,0,69,79,59,-9999
GHCND:USW00014765,PROVIDENCE RI US,18.3,41.7219,-71.4325,20140628,-9999,-9999,0,0,0,69,81,57,-9999
GHCND:USW00014765,PROVIDENCE RI US,18.3,41.7219,-71.4325,20140629,-9999,-9999,0,0,0,70,82,55,-9999
GHCND:USW00014765,PROVIDENCE RI US,18.3,41.7219,-71.4325,20140630,-9999,-9999,0,0,0,73,87,62,-9999
GHCND:USW00014787,NEWPORT STATE AIRPORT RI US,52.4,41.53333,-71.28333,20140601,-9999,-9999,0,-9999,-9999,-9999,74,46,-9999
GHCND:USW00014787,NEWPORT STATE AIRPORT RI US,52.4,41.53333,-71.28333,20140602,-9999,-9999,0,-9999,-9999,-9999,72,52,-9999
GHCND:USW00014787,NEWPORT STATE AIRPORT RI US,52.4,41.53333,-71.28333,20140603,-9999,-9999,0,-9999,-9999,-9999,71,52,-9999
GHCND:USW00014787,NEWPORT STATE AIRPORT RI US,52.4,41.53333,-71.28333,20140604,-9999,-9999,0.07,-9999,-9999,-9999,65,54,-9999
GHCND:USW00014787,NEWPORT STATE AIRPORT RI US,52.4,41.53333,-71.28333,20140605,-9999,-9999,0.61,-9999,-9999,-9999,63,53,-9999
GHCND:USW00014787,NEWPORT STATE AIRPORT RI US,52.4,41.53333,-71.28333,20140606,-9999,-9999,0,-9999,-9999,-9999,74,54,-9999
GHCND:USW00014787,NEWPORT STATE AIRPORT RI US,52.4,41.53333,-71.28333,20140607,-9999,-9999,0,-9999,-9999,-9999,77,58,-9999
GHCND:USW00014787,NEWPORT STATE AIRPORT RI US,52.4,41.53333,-71.28333,20140608,-9999,-9999,0,-9999,-9999,-9999,83,58,-9999
GHCND:USW00014787,NEWPORT STATE AIRPORT RI US,52.4,41.53333,-71.28333,20140609,-9999,-9999,0.02,-9999,-9999,-9999,72,62,-9999
GHCND:USW00014787,NEWPORT STATE AIRPORT RI US,52.4,41.53333,-71.28333,20140610,-9999,-9999,0.08,-9999,-9999,-9999,70,61,-9999
GHCND:USW00014787,NEWPORT STATE AIRPORT RI US,52.4,41.53333,-71.28333,20140611,-9999,-9999,0,-9999,-9999,-9999,71,58,-9999
GHCND:USW00014787,NEWPORT STATE AIRPORT RI US,52.4,41.53333,-71.28333,20140612,-9999,-9999,0,-9999,-9999,-9999,68,58,-9999
GHCND:USW00014787,NEWPORT STATE AIRPORT RI US,52.4,41.53333,-71.28333,20140613,-9999,-9999,0.23,-9999,-9999,-9999,67,61,-9999
GHCND:USW00014787,NEWPORT STATE AIRPORT RI US,52.4,41.53333,-71.28333,20140614,-9999,-9999,0,-9999,-9999,-9999,77,57,-9999
GHCND:USW00014787,NEWPORT STATE AIRPORT RI US,52.4,41.53333,-71.28333,20140615,-9999,-9999,0,-9999,-9999,-9999,78,56,-9999
GHCND:USW00014787,NEWPORT STATE AIRPORT RI US,52.4,41.53333,-71.28333,20140616,-9999,-9999,0,-9999,-9999,-9999,75,57,-9999
GHCND:USW00014787,NEWPORT STATE AIRPORT RI US,52.4,41.53333,-71.28333,20140617,-9999,-9999,0,-9999,-9999,-9999,70,60,-9999
GHCND:USW00014787,NEWPORT STATE AIRPORT RI US,52.4,41.53333,-71.28333,20140618,-9999,-9999,0.06,-9999,-9999,-9999,84,63,-9999
GHCND:USW00014787,NEWPORT STATE AIRPORT RI US,52.4,41.53333,-71.28333,20140619,-9999,-9999,0,-9999,-9999,-9999,75,58,-9999
GHCND:USW00014787,NEWPORT STATE AIRPORT RI US,52.4,41.53333,-71.28333,20140620,-9999,-9999,0,-9999,-9999,-9999,76,53,-9999
GHCND:USW00014787,NEWPORT STATE AIRPORT RI US,52.4,41.53333,-71.28333,20140621,-9999,-9999,0,-9999,-9999,-9999,72,51,-9999
GHCND:USW00014787,NEWPORT STATE AIRPORT RI US,52.4,41.53333,-71.28333,20140622,-9999,-9999,0,-9999,-9999,-9999,76,55,-9999
GHCND:USW00014787,NEWPORT STATE AIRPORT RI US,52.4,41.53333,-71.28333,20140623,-9999,-9999,0,-9999,-9999,-9999,72,55,-9999
GHCND:USW00014787,NEWPORT STATE AIRPORT RI US,52.4,41.53333,-71.28333,20140624,-9999,-9999,0,-9999,-9999,-9999,74,58,-9999
GHCND:USW00014787,NEWPORT STATE AIRPORT RI US,52.4,41.53333,-71.28333,20140625,-9999,-9999,0,-9999,-9999,-9999,77,65,-9999
GHCND:USW00014787,NEWPORT STATE AIRPORT RI US,52.4,41.53333,-71.28333,20140626,-9999,-9999,0.61,-9999,-9999,-9999,84,60,-9999
GHCND:USW00014787,NEWPORT STATE AIRPORT RI US,52.4,41.53333,-71.28333,20140627,-9999,-9999,0,-9999,-9999,-9999,77,58,-9999
GHCND:USW00014787,NEWPORT STATE AIRPORT RI US,52.4,41.53333,-71.28333,20140628,-9999,-9999,0,-9999,-9999,-9999,75,55,-9999
GHCND:USW00014787,NEWPORT STATE AIRPORT RI US,52.4,41.53333,-71.28333,20140629,-9999,-9999,0,-9999,-9999,-9999,77,55,-9999
GHCND:USW00014787,NEWPORT STATE AIRPORT RI US,52.4,41.53333,-71.28333,20140630,-9999,-9999,0,-9999,-9999,-9999,77,64,-9999
GHCND:USC00377581,TIVERTON RI US,27.4,41.6268,-71.2093,20140601,-9999,-9999,0,0,0,-9999,78,40,54
GHCND:USC00377581,TIVERTON RI US,27.4,41.6268,-71.2093,20140602,-9999,-9999,0,0,0,-9999,79,51,57
GHCND:USC00377581,TIVERTON RI US,27.4,41.6268,-71.2093,20140603,-9999,-9999,0,0,0,-9999,79,53,56
GHCND:USC00377581,TIVERTON RI US,27.4,41.6268,-71.2093,20140604,-9999,-9999,0.15,0,0,-9999,72,54,60
GHCND:USC00377581,TIVERTON RI US,27.4,41.6268,-71.2093,20140605,-9999,-9999,0.76,0,0,-9999,61,55,55
GHCND:USC00377581,TIVERTON RI US,27.4,41.6268,-71.2093,20140606,-9999,-9999,0,0,0,-9999,80,54,60
GHCND:USC00377581,TIVERTON RI US,27.4,41.6268,-71.2093,20140607,-9999,-9999,0,0,0,-9999,82,53,62
GHCND:USC00377581,TIVERTON RI US,27.4,41.6268,-71.2093,20140608,-9999,-9999,0,0,0,-9999,86,57,64
GHCND:USC00377581,TIVERTON RI US,27.4,41.6268,-71.2093,20140609,-9999,-9999,0,0,0,-9999,75,59,63
GHCND:USC00377581,TIVERTON RI US,27.4,41.6268,-71.2093,20140610,-9999,-9999,0.02,0,0,-9999,72,63,63
GHCND:USC00377581,TIVERTON RI US,27.4,41.6268,-71.2093,20140611,-9999,-9999,0,0,0,-9999,75,57,57
GHCND:USC00377581,TIVERTON RI US,27.4,41.6268,-71.2093,20140612,-9999,-9999,0,0,0,-9999,73,57,63
GHCND:USC00377581,TIVERTON RI US,27.4,41.6268,-71.2093,20140613,-9999,-9999,0.42,0,0,-9999,70,61,63
GHCND:USC00377581,TIVERTON RI US,27.4,41.6268,-71.2093,20140614,-9999,-9999,0,0,0,-9999,80,60,60
GHCND:USC00377581,TIVERTON RI US,27.4,41.6268,-71.2093,20140615,-9999,-9999,0,0,0,-9999,82,54,63
GHCND:USC00377581,TIVERTON RI US,27.4,41.6268,-71.2093,20140616,-9999,-9999,0,0,0,-9999,77,54,61
GHCND:USC00377581,TIVERTON RI US,27.4,41.6268,-71.2093,20140617,-9999,-9999,0,0,0,-9999,73,60,63
GHCND:USC00377581,TIVERTON RI US,27.4,41.6268,-71.2093,20140618,-9999,-9999,0.02,0,0,-9999,88,63,73
GHCND:USC00377581,TIVERTON RI US,27.4,41.6268,-71.2093,20140619,-9999,-9999,0.19,0,0,-9999,77,60,60
GHCND:USC00377581,TIVERTON RI US,27.4,41.6268,-71.2093,20140620,-9999,-9999,0,0,0,-9999,79,53,59
GHCND:USC00377581,TIVERTON RI US,27.4,41.6268,-71.2093,20140621,-9999,-9999,0,0,0,-9999,75,50,62
GHCND:USC00377581,TIVERTON RI US,27.4,41.6268,-71.2093,20140622,-9999,-9999,0,0,0,-9999,78,58,58
GHCND:USC00377581,TIVERTON RI US,27.4,41.6268,-71.2093,20140623,-9999,-9999,0,0,0,-9999,78,54,59
GHCND:USC00377581,TIVERTON RI US,27.4,41.6268,-71.2093,20140624,-9999,-9999,0,0,0,-9999,79,55,65
GHCND:USC00377581,TIVERTON RI US,27.4,41.6268,-71.2093,20140625,-9999,-9999,0,0,0,-9999,83,64,71
GHCND:USC00377581,TIVERTON RI US,27.4,41.6268,-71.2093,20140626,-9999,-9999,0.05,0,0,-9999,88,61,61
GHCND:USC00377581,TIVERTON RI US,27.4,41.6268,-71.2093,20140627,-9999,-9999,0,0,0,-9999,81,56,58
GHCND:USC00377581,TIVERTON RI US,27.4,41.6268,-71.2093,20140628,-9999,-9999,0,0,0,-9999,82,54,60
GHCND:USC00377581,TIVERTON RI US,27.4,41.6268,-71.2093,20140629,-9999,-9999,0,0,0,-9999,82,56,64
GHCND:USC00377581,TIVERTON RI US,27.4,41.6268,-71.2093,20140630,-9999,-9999,0,0,0,-9999,84,63,68
GHCND:US1RIPR0007,CRANSTON 1.9 E RI US,7,41.7653,-71.4448,20140601,-9999,-9999,0,-9999,0,-9999,-9999,-9999,-9999
GHCND:US1RIPR0007,CRANSTON 1.9 E RI US,7,41.7653,-71.4448,20140602,-9999,-9999,0,-9999,0,-9999,-9999,-9999,-9999
GHCND:US1RIPR0007,CRANSTON 1.9 E RI US,7,41.7653,-71.4448,20140603,-9999,-9999,0,-9999,0,-9999,-9999,-9999,-9999
GHCND:US1RIPR0007,CRANSTON 1.9 E RI US,7,41.7653,-71.4448,20140604,-9999,-9999,0,-9999,-9999,-9999,-9999,-9999,-9999
GHCND:US1RIPR0007,CRANSTON 1.9 E RI US,7,41.7653,-71.4448,20140605,-9999,-9999,0.04,-9999,-9999,-9999,-9999,-9999,-9999
GHCND:US1RIPR0007,CRANSTON 1.9 E RI US,7,41.7653,-71.4448,20140606,-9999,-9999,0.59,-9999,-9999,-9999,-9999,-9999,-9999
GHCND:US1RIPR0007,CRANSTON 1.9 E RI US,7,41.7653,-71.4448,20140607,-9999,-9999,0,-9999,0,-9999,-9999,-9999,-9999
GHCND:US1RIPR0007,CRANSTON 1.9 E RI US,7,41.7653,-71.4448,20140608,-9999,-9999,0,-9999,0,-9999,-9999,-9999,-9999
GHCND:US1RIPR0007,CRANSTON 1.9 E RI US,7,41.7653,-71.4448,20140609,-9999,-9999,0,-9999,0,-9999,-9999,-9999,-9999
GHCND:US1RIPR0007,CRANSTON 1.9 E RI US,7,41.7653,-71.4448,20140610,-9999,-9999,0.39,-9999,-9999,-9999,-9999,-9999,-9999
GHCND:US1RIPR0007,CRANSTON 1.9 E RI US,7,41.7653,-71.4448,20140611,-9999,-9999,0.36,-9999,-9999,-9999,-9999,-9999,-9999
GHCND:US1RIPR0007,CRANSTON 1.9 E RI US,7,41.7653,-71.4448,20140612,-9999,-9999,0,-9999,0,-9999,-9999,-9999,-9999
GHCND:US1RIPR0007,CRANSTON 1.9 E RI US,7,41.7653,-71.4448,20140613,-9999,-9999,0.05,-9999,-9999,-9999,-9999,-9999,-9999
GHCND:US1RIPR0007,CRANSTON 1.9 E RI US,7,41.7653,-71.4448,20140614,-9999,-9999,1.41,-9999,-9999,-9999,-9999,-9999,-9999
GHCND:US1RIPR0007,CRANSTON 1.9 E RI US,7,41.7653,-71.4448,20140615,-9999,-9999,0,-9999,0,-9999,-9999,-9999,-9999
GHCND:US1RIPR0007,CRANSTON 1.9 E RI US,7,41.7653,-71.4448,20140616,-9999,-9999,0,-9999,0,-9999,-9999,-9999,-9999
GHCND:US1RIPR0007,CRANSTON 1.9 E RI US,7,41.7653,-71.4448,20140617,-9999,-9999,0,-9999,0,-9999,-9999,-9999,-9999
GHCND:US1RIPR0007,CRANSTON 1.9 E RI US,7,41.7653,-71.4448,20140618,-9999,-9999,0,-9999,0,-9999,-9999,-9999,-9999
GHCND:US1RIPR0007,CRANSTON 1.9 E RI US,7,41.7653,-71.4448,20140619,-9999,-9999,0,-9999,-9999,-9999,-9999,-9999,-9999
GHCND:US1RIPR0007,CRANSTON 1.9 E RI US,7,41.7653,-71.4448,20140620,-9999,-9999,0.12,-9999,-9999,-9999,-9999,-9999,-9999
GHCND:US1RIPR0007,CRANSTON 1.9 E RI US,7,41.7653,-71.4448,20140621,-9999,-9999,0,-9999,0,-9999,-9999,-9999,-9999
GHCND:US1RIPR0007,CRANSTON 1.9 E RI US,7,41.7653,-71.4448,20140622,-9999,-9999,0,-9999,0,-9999,-9999,-9999,-9999
GHCND:US1RIPR0007,CRANSTON 1.9 E RI US,7,41.7653,-71.4448,20140623,-9999,-9999,0,-9999,0,-9999,-9999,-9999,-9999
GHCND:US1RIPR0007,CRANSTON 1.9 E RI US,7,41.7653,-71.4448,20140624,-9999,-9999,0,-9999,0,-9999,-9999,-9999,-9999
GHCND:US1RIPR0007,CRANSTON 1.9 E RI US,7,41.7653,-71.4448,20140625,-9999,-9999,0,-9999,0,-9999,-9999,-9999,-9999
GHCND:US1RIPR0007,CRANSTON 1.9 E RI US,7,41.7653,-71.4448,20140626,-9999,-9999,0.26,-9999,-9999,-9999,-9999,-9999,-9999
GHCND:US1RIPR0007,CRANSTON 1.9 E RI US,7,41.7653,-71.4448,20140627,-9999,-9999,0.02,-9999,-9999,-9999,-9999,-9999,-9999
GHCND:US1RIPR0007,CRANSTON 1.9 E RI US,7,41.7653,-71.4448,20140628,-9999,-9999,0,-9999,0,-9999,-9999,-9999,-9999
GHCND:US1RIPR0007,CRANSTON 1.9 E RI US,7,41.7653,-71.4448,20140629,-9999,-9999,0,-9999,0,-9999,-9999,-9999,-9999
GHCND:US1RIPR0007,CRANSTON 1.9 E RI US,7,41.7653,-71.4448,20140630,-9999,-9999,0,-9999,0,-9999,-9999,-9999,-9999
